#
# TABLE STRUCTURE FOR: communities
#

DROP TABLE IF EXISTS `communities`;

CREATE TABLE `communities` (
  `id` int(10) unsigned NOT NULL AUTO_INCREMENT,
  `name` varchar(150) COLLATE utf8_unicode_ci NOT NULL,
  PRIMARY KEY (`id`),
  UNIQUE KEY `name` (`name`)
) ENGINE=InnoDB AUTO_INCREMENT=31 DEFAULT CHARSET=utf8 COLLATE=utf8_unicode_ci;

INSERT INTO `communities` (`id`, `name`) VALUES (9, 'adipisci');
INSERT INTO `communities` (`id`, `name`) VALUES (27, 'at');
INSERT INTO `communities` (`id`, `name`) VALUES (16, 'aut');
INSERT INTO `communities` (`id`, `name`) VALUES (21, 'corporis');
INSERT INTO `communities` (`id`, `name`) VALUES (12, 'culpa');
INSERT INTO `communities` (`id`, `name`) VALUES (7, 'deserunt');
INSERT INTO `communities` (`id`, `name`) VALUES (2, 'dolorem');
INSERT INTO `communities` (`id`, `name`) VALUES (14, 'ea');
INSERT INTO `communities` (`id`, `name`) VALUES (28, 'error');
INSERT INTO `communities` (`id`, `name`) VALUES (19, 'est');
INSERT INTO `communities` (`id`, `name`) VALUES (22, 'et');
INSERT INTO `communities` (`id`, `name`) VALUES (5, 'exercitationem');
INSERT INTO `communities` (`id`, `name`) VALUES (1, 'fuga');
INSERT INTO `communities` (`id`, `name`) VALUES (15, 'iure');
INSERT INTO `communities` (`id`, `name`) VALUES (4, 'magni');
INSERT INTO `communities` (`id`, `name`) VALUES (10, 'maxime');
INSERT INTO `communities` (`id`, `name`) VALUES (18, 'neque');
INSERT INTO `communities` (`id`, `name`) VALUES (8, 'nihil');
INSERT INTO `communities` (`id`, `name`) VALUES (25, 'nisi');
INSERT INTO `communities` (`id`, `name`) VALUES (20, 'non');
INSERT INTO `communities` (`id`, `name`) VALUES (13, 'numquam');
INSERT INTO `communities` (`id`, `name`) VALUES (26, 'quaerat');
INSERT INTO `communities` (`id`, `name`) VALUES (6, 'qui');
INSERT INTO `communities` (`id`, `name`) VALUES (3, 'quia');
INSERT INTO `communities` (`id`, `name`) VALUES (17, 'quis');
INSERT INTO `communities` (`id`, `name`) VALUES (23, 'sapiente');
INSERT INTO `communities` (`id`, `name`) VALUES (24, 'similique');
INSERT INTO `communities` (`id`, `name`) VALUES (11, 'sunt');
INSERT INTO `communities` (`id`, `name`) VALUES (29, 'tempora');
INSERT INTO `communities` (`id`, `name`) VALUES (30, 'ut');


#
# TABLE STRUCTURE FOR: communities_users
#

DROP TABLE IF EXISTS `communities_users`;

CREATE TABLE `communities_users` (
  `community_id` int(10) unsigned NOT NULL,
  `user_id` int(10) unsigned NOT NULL,
  PRIMARY KEY (`community_id`,`user_id`)
) ENGINE=InnoDB DEFAULT CHARSET=utf8 COLLATE=utf8_unicode_ci;

INSERT INTO `communities_users` (`community_id`, `user_id`) VALUES (1, 101);
INSERT INTO `communities_users` (`community_id`, `user_id`) VALUES (1, 142);
INSERT INTO `communities_users` (`community_id`, `user_id`) VALUES (1, 147);
INSERT INTO `communities_users` (`community_id`, `user_id`) VALUES (1, 196);
INSERT INTO `communities_users` (`community_id`, `user_id`) VALUES (2, 102);
INSERT INTO `communities_users` (`community_id`, `user_id`) VALUES (2, 143);
INSERT INTO `communities_users` (`community_id`, `user_id`) VALUES (2, 148);
INSERT INTO `communities_users` (`community_id`, `user_id`) VALUES (2, 197);
INSERT INTO `communities_users` (`community_id`, `user_id`) VALUES (3, 101);
INSERT INTO `communities_users` (`community_id`, `user_id`) VALUES (3, 106);
INSERT INTO `communities_users` (`community_id`, `user_id`) VALUES (3, 147);
INSERT INTO `communities_users` (`community_id`, `user_id`) VALUES (3, 149);
INSERT INTO `communities_users` (`community_id`, `user_id`) VALUES (4, 102);
INSERT INTO `communities_users` (`community_id`, `user_id`) VALUES (4, 107);
INSERT INTO `communities_users` (`community_id`, `user_id`) VALUES (4, 148);
INSERT INTO `communities_users` (`community_id`, `user_id`) VALUES (4, 151);
INSERT INTO `communities_users` (`community_id`, `user_id`) VALUES (5, 106);
INSERT INTO `communities_users` (`community_id`, `user_id`) VALUES (5, 108);
INSERT INTO `communities_users` (`community_id`, `user_id`) VALUES (5, 149);
INSERT INTO `communities_users` (`community_id`, `user_id`) VALUES (5, 152);
INSERT INTO `communities_users` (`community_id`, `user_id`) VALUES (6, 107);
INSERT INTO `communities_users` (`community_id`, `user_id`) VALUES (6, 109);
INSERT INTO `communities_users` (`community_id`, `user_id`) VALUES (6, 151);
INSERT INTO `communities_users` (`community_id`, `user_id`) VALUES (6, 153);
INSERT INTO `communities_users` (`community_id`, `user_id`) VALUES (7, 108);
INSERT INTO `communities_users` (`community_id`, `user_id`) VALUES (7, 110);
INSERT INTO `communities_users` (`community_id`, `user_id`) VALUES (7, 152);
INSERT INTO `communities_users` (`community_id`, `user_id`) VALUES (7, 155);
INSERT INTO `communities_users` (`community_id`, `user_id`) VALUES (8, 109);
INSERT INTO `communities_users` (`community_id`, `user_id`) VALUES (8, 111);
INSERT INTO `communities_users` (`community_id`, `user_id`) VALUES (8, 153);
INSERT INTO `communities_users` (`community_id`, `user_id`) VALUES (8, 159);
INSERT INTO `communities_users` (`community_id`, `user_id`) VALUES (9, 110);
INSERT INTO `communities_users` (`community_id`, `user_id`) VALUES (9, 112);
INSERT INTO `communities_users` (`community_id`, `user_id`) VALUES (9, 155);
INSERT INTO `communities_users` (`community_id`, `user_id`) VALUES (9, 160);
INSERT INTO `communities_users` (`community_id`, `user_id`) VALUES (10, 111);
INSERT INTO `communities_users` (`community_id`, `user_id`) VALUES (10, 113);
INSERT INTO `communities_users` (`community_id`, `user_id`) VALUES (10, 159);
INSERT INTO `communities_users` (`community_id`, `user_id`) VALUES (10, 161);
INSERT INTO `communities_users` (`community_id`, `user_id`) VALUES (11, 112);
INSERT INTO `communities_users` (`community_id`, `user_id`) VALUES (11, 115);
INSERT INTO `communities_users` (`community_id`, `user_id`) VALUES (11, 164);
INSERT INTO `communities_users` (`community_id`, `user_id`) VALUES (12, 113);
INSERT INTO `communities_users` (`community_id`, `user_id`) VALUES (12, 116);
INSERT INTO `communities_users` (`community_id`, `user_id`) VALUES (12, 168);
INSERT INTO `communities_users` (`community_id`, `user_id`) VALUES (13, 115);
INSERT INTO `communities_users` (`community_id`, `user_id`) VALUES (13, 117);
INSERT INTO `communities_users` (`community_id`, `user_id`) VALUES (13, 169);
INSERT INTO `communities_users` (`community_id`, `user_id`) VALUES (14, 116);
INSERT INTO `communities_users` (`community_id`, `user_id`) VALUES (14, 120);
INSERT INTO `communities_users` (`community_id`, `user_id`) VALUES (14, 170);
INSERT INTO `communities_users` (`community_id`, `user_id`) VALUES (15, 117);
INSERT INTO `communities_users` (`community_id`, `user_id`) VALUES (15, 121);
INSERT INTO `communities_users` (`community_id`, `user_id`) VALUES (15, 171);
INSERT INTO `communities_users` (`community_id`, `user_id`) VALUES (16, 120);
INSERT INTO `communities_users` (`community_id`, `user_id`) VALUES (16, 123);
INSERT INTO `communities_users` (`community_id`, `user_id`) VALUES (16, 175);
INSERT INTO `communities_users` (`community_id`, `user_id`) VALUES (17, 121);
INSERT INTO `communities_users` (`community_id`, `user_id`) VALUES (17, 126);
INSERT INTO `communities_users` (`community_id`, `user_id`) VALUES (17, 176);
INSERT INTO `communities_users` (`community_id`, `user_id`) VALUES (18, 123);
INSERT INTO `communities_users` (`community_id`, `user_id`) VALUES (18, 129);
INSERT INTO `communities_users` (`community_id`, `user_id`) VALUES (18, 177);
INSERT INTO `communities_users` (`community_id`, `user_id`) VALUES (19, 126);
INSERT INTO `communities_users` (`community_id`, `user_id`) VALUES (19, 130);
INSERT INTO `communities_users` (`community_id`, `user_id`) VALUES (19, 179);
INSERT INTO `communities_users` (`community_id`, `user_id`) VALUES (20, 129);
INSERT INTO `communities_users` (`community_id`, `user_id`) VALUES (20, 131);
INSERT INTO `communities_users` (`community_id`, `user_id`) VALUES (20, 180);
INSERT INTO `communities_users` (`community_id`, `user_id`) VALUES (21, 130);
INSERT INTO `communities_users` (`community_id`, `user_id`) VALUES (21, 132);
INSERT INTO `communities_users` (`community_id`, `user_id`) VALUES (21, 183);
INSERT INTO `communities_users` (`community_id`, `user_id`) VALUES (22, 131);
INSERT INTO `communities_users` (`community_id`, `user_id`) VALUES (22, 134);
INSERT INTO `communities_users` (`community_id`, `user_id`) VALUES (22, 184);
INSERT INTO `communities_users` (`community_id`, `user_id`) VALUES (23, 132);
INSERT INTO `communities_users` (`community_id`, `user_id`) VALUES (23, 135);
INSERT INTO `communities_users` (`community_id`, `user_id`) VALUES (23, 185);
INSERT INTO `communities_users` (`community_id`, `user_id`) VALUES (24, 134);
INSERT INTO `communities_users` (`community_id`, `user_id`) VALUES (24, 136);
INSERT INTO `communities_users` (`community_id`, `user_id`) VALUES (24, 186);
INSERT INTO `communities_users` (`community_id`, `user_id`) VALUES (25, 135);
INSERT INTO `communities_users` (`community_id`, `user_id`) VALUES (25, 137);
INSERT INTO `communities_users` (`community_id`, `user_id`) VALUES (25, 187);
INSERT INTO `communities_users` (`community_id`, `user_id`) VALUES (26, 136);
INSERT INTO `communities_users` (`community_id`, `user_id`) VALUES (26, 138);
INSERT INTO `communities_users` (`community_id`, `user_id`) VALUES (26, 189);
INSERT INTO `communities_users` (`community_id`, `user_id`) VALUES (27, 137);
INSERT INTO `communities_users` (`community_id`, `user_id`) VALUES (27, 139);
INSERT INTO `communities_users` (`community_id`, `user_id`) VALUES (27, 192);
INSERT INTO `communities_users` (`community_id`, `user_id`) VALUES (28, 138);
INSERT INTO `communities_users` (`community_id`, `user_id`) VALUES (28, 141);
INSERT INTO `communities_users` (`community_id`, `user_id`) VALUES (28, 193);
INSERT INTO `communities_users` (`community_id`, `user_id`) VALUES (29, 139);
INSERT INTO `communities_users` (`community_id`, `user_id`) VALUES (29, 142);
INSERT INTO `communities_users` (`community_id`, `user_id`) VALUES (29, 194);
INSERT INTO `communities_users` (`community_id`, `user_id`) VALUES (30, 141);
INSERT INTO `communities_users` (`community_id`, `user_id`) VALUES (30, 143);
INSERT INTO `communities_users` (`community_id`, `user_id`) VALUES (30, 195);


#
# TABLE STRUCTURE FOR: friendship
#

DROP TABLE IF EXISTS `friendship`;

CREATE TABLE `friendship` (
  `user_id` int(10) unsigned NOT NULL,
  `friend_id` int(10) unsigned NOT NULL,
  `status_id` int(10) unsigned NOT NULL,
  `requested_at` datetime DEFAULT current_timestamp(),
  `confirmed_at` datetime DEFAULT NULL,
  PRIMARY KEY (`user_id`,`friend_id`)
) ENGINE=InnoDB DEFAULT CHARSET=utf8 COLLATE=utf8_unicode_ci;

INSERT INTO `friendship` (`user_id`, `friend_id`, `status_id`, `requested_at`, `confirmed_at`) VALUES (101, 101, 1, '2017-05-18 17:47:58', '1990-11-05 08:54:06');
INSERT INTO `friendship` (`user_id`, `friend_id`, `status_id`, `requested_at`, `confirmed_at`) VALUES (102, 102, 2, '1974-01-01 13:00:42', '1999-04-20 08:41:56');
INSERT INTO `friendship` (`user_id`, `friend_id`, `status_id`, `requested_at`, `confirmed_at`) VALUES (106, 106, 3, '2018-03-17 14:08:21', '1992-08-13 17:19:42');
INSERT INTO `friendship` (`user_id`, `friend_id`, `status_id`, `requested_at`, `confirmed_at`) VALUES (107, 107, 4, '1988-03-13 15:41:33', '2001-11-09 09:58:01');
INSERT INTO `friendship` (`user_id`, `friend_id`, `status_id`, `requested_at`, `confirmed_at`) VALUES (108, 108, 5, '1995-07-11 09:42:53', '1981-05-01 02:02:01');
INSERT INTO `friendship` (`user_id`, `friend_id`, `status_id`, `requested_at`, `confirmed_at`) VALUES (109, 109, 6, '1990-01-10 03:01:24', '1982-11-09 13:18:34');
INSERT INTO `friendship` (`user_id`, `friend_id`, `status_id`, `requested_at`, `confirmed_at`) VALUES (110, 110, 7, '1994-04-28 22:53:00', '2003-08-03 13:49:48');
INSERT INTO `friendship` (`user_id`, `friend_id`, `status_id`, `requested_at`, `confirmed_at`) VALUES (111, 111, 8, '2007-08-26 06:41:20', '2012-09-26 03:17:29');
INSERT INTO `friendship` (`user_id`, `friend_id`, `status_id`, `requested_at`, `confirmed_at`) VALUES (112, 112, 9, '1992-02-16 02:18:20', '1998-03-10 13:19:36');
INSERT INTO `friendship` (`user_id`, `friend_id`, `status_id`, `requested_at`, `confirmed_at`) VALUES (113, 113, 10, '1971-12-24 15:20:23', '1974-03-02 01:11:20');
INSERT INTO `friendship` (`user_id`, `friend_id`, `status_id`, `requested_at`, `confirmed_at`) VALUES (115, 115, 1, '2016-11-21 12:42:46', '1985-04-05 07:56:47');
INSERT INTO `friendship` (`user_id`, `friend_id`, `status_id`, `requested_at`, `confirmed_at`) VALUES (116, 116, 2, '1981-11-05 19:37:33', '1979-06-26 22:21:30');
INSERT INTO `friendship` (`user_id`, `friend_id`, `status_id`, `requested_at`, `confirmed_at`) VALUES (117, 117, 3, '1983-10-20 09:41:37', '1996-03-17 16:17:11');
INSERT INTO `friendship` (`user_id`, `friend_id`, `status_id`, `requested_at`, `confirmed_at`) VALUES (120, 120, 4, '2005-10-14 09:26:39', '1975-02-02 05:37:02');
INSERT INTO `friendship` (`user_id`, `friend_id`, `status_id`, `requested_at`, `confirmed_at`) VALUES (121, 121, 5, '1980-11-03 21:46:58', '2007-06-09 02:18:38');
INSERT INTO `friendship` (`user_id`, `friend_id`, `status_id`, `requested_at`, `confirmed_at`) VALUES (123, 123, 6, '1988-06-01 22:39:47', '2009-10-14 20:51:18');
INSERT INTO `friendship` (`user_id`, `friend_id`, `status_id`, `requested_at`, `confirmed_at`) VALUES (126, 126, 7, '1979-08-29 10:41:04', '1990-11-17 12:56:02');
INSERT INTO `friendship` (`user_id`, `friend_id`, `status_id`, `requested_at`, `confirmed_at`) VALUES (129, 129, 8, '1978-08-16 00:15:36', '1973-11-24 22:13:17');
INSERT INTO `friendship` (`user_id`, `friend_id`, `status_id`, `requested_at`, `confirmed_at`) VALUES (130, 130, 9, '2001-05-16 03:20:22', '2007-04-05 21:32:59');
INSERT INTO `friendship` (`user_id`, `friend_id`, `status_id`, `requested_at`, `confirmed_at`) VALUES (131, 131, 10, '1993-07-20 04:20:59', '1985-08-03 02:27:25');
INSERT INTO `friendship` (`user_id`, `friend_id`, `status_id`, `requested_at`, `confirmed_at`) VALUES (132, 132, 1, '2016-08-11 14:18:44', '1996-06-18 18:49:00');
INSERT INTO `friendship` (`user_id`, `friend_id`, `status_id`, `requested_at`, `confirmed_at`) VALUES (134, 134, 2, '1979-05-30 10:08:23', '2012-04-25 08:27:20');
INSERT INTO `friendship` (`user_id`, `friend_id`, `status_id`, `requested_at`, `confirmed_at`) VALUES (135, 135, 3, '2006-05-14 08:17:51', '1974-12-28 00:01:21');
INSERT INTO `friendship` (`user_id`, `friend_id`, `status_id`, `requested_at`, `confirmed_at`) VALUES (136, 136, 4, '2000-09-07 12:02:20', '1987-02-16 01:18:54');
INSERT INTO `friendship` (`user_id`, `friend_id`, `status_id`, `requested_at`, `confirmed_at`) VALUES (137, 137, 5, '2013-01-27 08:01:57', '2018-07-14 21:13:32');
INSERT INTO `friendship` (`user_id`, `friend_id`, `status_id`, `requested_at`, `confirmed_at`) VALUES (138, 138, 6, '1982-11-09 11:17:27', '2001-03-07 00:05:23');
INSERT INTO `friendship` (`user_id`, `friend_id`, `status_id`, `requested_at`, `confirmed_at`) VALUES (139, 139, 7, '2018-08-12 11:54:46', '1983-02-15 17:32:58');
INSERT INTO `friendship` (`user_id`, `friend_id`, `status_id`, `requested_at`, `confirmed_at`) VALUES (141, 141, 8, '1974-12-28 12:53:25', '2010-08-23 04:27:56');
INSERT INTO `friendship` (`user_id`, `friend_id`, `status_id`, `requested_at`, `confirmed_at`) VALUES (142, 142, 9, '1984-05-26 05:52:53', '2014-09-05 22:17:01');
INSERT INTO `friendship` (`user_id`, `friend_id`, `status_id`, `requested_at`, `confirmed_at`) VALUES (143, 143, 10, '2013-07-05 23:27:07', '2017-10-23 13:35:08');
INSERT INTO `friendship` (`user_id`, `friend_id`, `status_id`, `requested_at`, `confirmed_at`) VALUES (147, 147, 1, '2015-05-20 02:07:41', '1986-12-28 10:27:47');
INSERT INTO `friendship` (`user_id`, `friend_id`, `status_id`, `requested_at`, `confirmed_at`) VALUES (148, 148, 2, '1985-01-04 17:00:48', '1971-06-03 18:33:58');
INSERT INTO `friendship` (`user_id`, `friend_id`, `status_id`, `requested_at`, `confirmed_at`) VALUES (149, 149, 3, '2014-11-02 22:47:13', '2006-12-03 03:45:15');
INSERT INTO `friendship` (`user_id`, `friend_id`, `status_id`, `requested_at`, `confirmed_at`) VALUES (151, 151, 4, '1994-01-21 04:42:28', '2017-09-12 10:46:37');
INSERT INTO `friendship` (`user_id`, `friend_id`, `status_id`, `requested_at`, `confirmed_at`) VALUES (152, 152, 5, '1985-04-25 10:02:27', '1995-01-08 12:40:29');
INSERT INTO `friendship` (`user_id`, `friend_id`, `status_id`, `requested_at`, `confirmed_at`) VALUES (153, 153, 6, '2012-04-27 12:52:27', '2011-06-20 21:57:19');
INSERT INTO `friendship` (`user_id`, `friend_id`, `status_id`, `requested_at`, `confirmed_at`) VALUES (155, 155, 7, '1994-11-20 07:36:01', '1988-01-01 14:57:19');
INSERT INTO `friendship` (`user_id`, `friend_id`, `status_id`, `requested_at`, `confirmed_at`) VALUES (159, 159, 8, '1979-08-21 01:30:10', '1971-10-27 03:18:10');
INSERT INTO `friendship` (`user_id`, `friend_id`, `status_id`, `requested_at`, `confirmed_at`) VALUES (160, 160, 9, '2016-04-07 10:16:32', '1977-10-18 15:41:25');
INSERT INTO `friendship` (`user_id`, `friend_id`, `status_id`, `requested_at`, `confirmed_at`) VALUES (161, 161, 10, '1970-12-13 12:19:03', '1972-01-06 01:45:25');
INSERT INTO `friendship` (`user_id`, `friend_id`, `status_id`, `requested_at`, `confirmed_at`) VALUES (164, 164, 1, '1985-11-08 10:57:57', '1989-03-22 04:44:07');
INSERT INTO `friendship` (`user_id`, `friend_id`, `status_id`, `requested_at`, `confirmed_at`) VALUES (168, 168, 2, '2014-09-04 15:12:17', '1982-05-09 12:41:44');
INSERT INTO `friendship` (`user_id`, `friend_id`, `status_id`, `requested_at`, `confirmed_at`) VALUES (169, 169, 3, '2011-05-14 23:36:00', '2008-08-28 21:46:18');
INSERT INTO `friendship` (`user_id`, `friend_id`, `status_id`, `requested_at`, `confirmed_at`) VALUES (170, 170, 4, '1990-07-10 20:53:47', '1997-09-19 09:58:12');
INSERT INTO `friendship` (`user_id`, `friend_id`, `status_id`, `requested_at`, `confirmed_at`) VALUES (171, 171, 5, '1976-10-11 17:36:50', '2009-10-18 16:22:36');
INSERT INTO `friendship` (`user_id`, `friend_id`, `status_id`, `requested_at`, `confirmed_at`) VALUES (175, 175, 6, '1990-10-22 17:22:22', '2006-02-02 07:09:41');
INSERT INTO `friendship` (`user_id`, `friend_id`, `status_id`, `requested_at`, `confirmed_at`) VALUES (176, 176, 7, '1994-06-25 07:23:52', '1991-02-09 06:40:37');
INSERT INTO `friendship` (`user_id`, `friend_id`, `status_id`, `requested_at`, `confirmed_at`) VALUES (177, 177, 8, '1973-09-12 08:27:42', '1980-03-01 13:46:40');
INSERT INTO `friendship` (`user_id`, `friend_id`, `status_id`, `requested_at`, `confirmed_at`) VALUES (179, 179, 9, '1993-06-02 12:15:33', '1990-08-15 01:41:39');
INSERT INTO `friendship` (`user_id`, `friend_id`, `status_id`, `requested_at`, `confirmed_at`) VALUES (180, 180, 10, '1998-06-12 01:22:36', '1990-05-16 12:06:09');
INSERT INTO `friendship` (`user_id`, `friend_id`, `status_id`, `requested_at`, `confirmed_at`) VALUES (183, 183, 1, '1974-05-11 12:20:12', '2004-10-23 07:23:07');
INSERT INTO `friendship` (`user_id`, `friend_id`, `status_id`, `requested_at`, `confirmed_at`) VALUES (184, 184, 2, '1975-06-28 06:28:46', '1992-07-07 03:19:06');
INSERT INTO `friendship` (`user_id`, `friend_id`, `status_id`, `requested_at`, `confirmed_at`) VALUES (185, 185, 3, '1970-03-17 02:27:29', '1975-12-22 17:27:47');
INSERT INTO `friendship` (`user_id`, `friend_id`, `status_id`, `requested_at`, `confirmed_at`) VALUES (186, 186, 4, '1993-02-21 13:58:49', '2010-01-17 01:01:39');
INSERT INTO `friendship` (`user_id`, `friend_id`, `status_id`, `requested_at`, `confirmed_at`) VALUES (187, 187, 5, '2019-11-14 23:15:13', '2000-10-08 12:12:21');
INSERT INTO `friendship` (`user_id`, `friend_id`, `status_id`, `requested_at`, `confirmed_at`) VALUES (189, 189, 6, '1984-12-17 08:39:40', '1981-06-29 03:33:12');
INSERT INTO `friendship` (`user_id`, `friend_id`, `status_id`, `requested_at`, `confirmed_at`) VALUES (192, 192, 7, '2015-11-03 17:06:41', '2010-11-07 12:47:54');
INSERT INTO `friendship` (`user_id`, `friend_id`, `status_id`, `requested_at`, `confirmed_at`) VALUES (193, 193, 8, '1984-11-14 01:33:01', '1979-10-04 22:22:57');
INSERT INTO `friendship` (`user_id`, `friend_id`, `status_id`, `requested_at`, `confirmed_at`) VALUES (194, 194, 9, '1993-11-30 05:25:13', '2002-04-30 03:24:53');
INSERT INTO `friendship` (`user_id`, `friend_id`, `status_id`, `requested_at`, `confirmed_at`) VALUES (195, 195, 10, '1982-10-25 17:04:12', '1978-08-08 14:26:03');
INSERT INTO `friendship` (`user_id`, `friend_id`, `status_id`, `requested_at`, `confirmed_at`) VALUES (196, 196, 1, '1999-12-05 00:09:49', '1985-04-14 01:10:08');
INSERT INTO `friendship` (`user_id`, `friend_id`, `status_id`, `requested_at`, `confirmed_at`) VALUES (197, 197, 2, '1975-03-07 20:43:17', '1990-07-17 11:37:54');


#
# TABLE STRUCTURE FOR: friendship_statuses
#

DROP TABLE IF EXISTS `friendship_statuses`;

CREATE TABLE `friendship_statuses` (
  `id` int(10) unsigned NOT NULL AUTO_INCREMENT,
  `name` varchar(150) COLLATE utf8_unicode_ci NOT NULL,
  PRIMARY KEY (`id`),
  UNIQUE KEY `name` (`name`)
) ENGINE=InnoDB AUTO_INCREMENT=11 DEFAULT CHARSET=utf8 COLLATE=utf8_unicode_ci;

INSERT INTO `friendship_statuses` (`id`, `name`) VALUES (2, 'aperiam');
INSERT INTO `friendship_statuses` (`id`, `name`) VALUES (5, 'aut');
INSERT INTO `friendship_statuses` (`id`, `name`) VALUES (9, 'laboriosam');
INSERT INTO `friendship_statuses` (`id`, `name`) VALUES (7, 'libero');
INSERT INTO `friendship_statuses` (`id`, `name`) VALUES (10, 'maxime');
INSERT INTO `friendship_statuses` (`id`, `name`) VALUES (8, 'molestiae');
INSERT INTO `friendship_statuses` (`id`, `name`) VALUES (1, 'nihil');
INSERT INTO `friendship_statuses` (`id`, `name`) VALUES (6, 'non');
INSERT INTO `friendship_statuses` (`id`, `name`) VALUES (3, 'sit');
INSERT INTO `friendship_statuses` (`id`, `name`) VALUES (4, 'voluptatem');


#
# TABLE STRUCTURE FOR: media
#

DROP TABLE IF EXISTS `media`;

CREATE TABLE `media` (
  `id` int(10) unsigned NOT NULL AUTO_INCREMENT,
  `media_type_id` int(10) unsigned NOT NULL,
  `user_id` int(10) unsigned NOT NULL,
  `filename` varchar(255) COLLATE utf8_unicode_ci NOT NULL,
  `size` int(11) NOT NULL,
  `metadata` longtext CHARACTER SET utf8mb4 COLLATE utf8mb4_bin DEFAULT NULL,
  `created_at` datetime DEFAULT current_timestamp(),
  `updated_at` datetime DEFAULT current_timestamp() ON UPDATE current_timestamp(),
  PRIMARY KEY (`id`)
) ENGINE=InnoDB AUTO_INCREMENT=51 DEFAULT CHARSET=utf8 COLLATE=utf8_unicode_ci;

INSERT INTO `media` (`id`, `media_type_id`, `user_id`, `filename`, `size`, `metadata`, `created_at`, `updated_at`) VALUES (1, 1, 101, 'voluptate', 3369, NULL, '2014-04-01 22:02:21', '1973-02-19 13:22:51');
INSERT INTO `media` (`id`, `media_type_id`, `user_id`, `filename`, `size`, `metadata`, `created_at`, `updated_at`) VALUES (2, 2, 102, 'at', 473, NULL, '1971-09-17 11:49:22', '2012-02-19 17:01:00');
INSERT INTO `media` (`id`, `media_type_id`, `user_id`, `filename`, `size`, `metadata`, `created_at`, `updated_at`) VALUES (3, 3, 106, 'qui', 1, NULL, '2019-04-15 23:29:22', '1988-05-29 09:00:42');
INSERT INTO `media` (`id`, `media_type_id`, `user_id`, `filename`, `size`, `metadata`, `created_at`, `updated_at`) VALUES (4, 1, 107, 'maiores', 113262, NULL, '2014-11-14 13:50:17', '1990-02-24 20:19:21');
INSERT INTO `media` (`id`, `media_type_id`, `user_id`, `filename`, `size`, `metadata`, `created_at`, `updated_at`) VALUES (5, 2, 108, 'excepturi', 7, NULL, '2001-09-07 18:17:32', '1975-12-16 03:45:37');
INSERT INTO `media` (`id`, `media_type_id`, `user_id`, `filename`, `size`, `metadata`, `created_at`, `updated_at`) VALUES (6, 3, 109, 'nemo', 38521, NULL, '2005-02-24 22:53:07', '1980-01-14 14:37:51');
INSERT INTO `media` (`id`, `media_type_id`, `user_id`, `filename`, `size`, `metadata`, `created_at`, `updated_at`) VALUES (7, 1, 110, 'cum', 84546575, NULL, '1991-09-21 04:32:38', '1978-08-03 22:25:58');
INSERT INTO `media` (`id`, `media_type_id`, `user_id`, `filename`, `size`, `metadata`, `created_at`, `updated_at`) VALUES (8, 2, 111, 'asperiores', 617728, NULL, '2001-07-31 14:18:13', '1979-05-07 11:20:59');
INSERT INTO `media` (`id`, `media_type_id`, `user_id`, `filename`, `size`, `metadata`, `created_at`, `updated_at`) VALUES (9, 3, 112, 'expedita', 0, NULL, '2017-06-12 15:01:29', '1979-04-02 10:11:34');
INSERT INTO `media` (`id`, `media_type_id`, `user_id`, `filename`, `size`, `metadata`, `created_at`, `updated_at`) VALUES (10, 1, 113, 'autem', 6, NULL, '1972-12-08 02:42:02', '2018-09-09 05:55:54');
INSERT INTO `media` (`id`, `media_type_id`, `user_id`, `filename`, `size`, `metadata`, `created_at`, `updated_at`) VALUES (11, 2, 115, 'voluptas', 6865, NULL, '1982-11-12 17:00:53', '1991-11-08 16:02:26');
INSERT INTO `media` (`id`, `media_type_id`, `user_id`, `filename`, `size`, `metadata`, `created_at`, `updated_at`) VALUES (12, 3, 116, 'doloribus', 808626, NULL, '2011-10-03 08:18:00', '2001-12-28 07:03:28');
INSERT INTO `media` (`id`, `media_type_id`, `user_id`, `filename`, `size`, `metadata`, `created_at`, `updated_at`) VALUES (13, 1, 117, 'exercitationem', 308403, NULL, '1990-05-07 17:16:35', '2019-03-31 19:41:04');
INSERT INTO `media` (`id`, `media_type_id`, `user_id`, `filename`, `size`, `metadata`, `created_at`, `updated_at`) VALUES (14, 2, 120, 'inventore', 0, NULL, '1981-09-17 06:21:16', '2011-07-23 18:50:19');
INSERT INTO `media` (`id`, `media_type_id`, `user_id`, `filename`, `size`, `metadata`, `created_at`, `updated_at`) VALUES (15, 3, 121, 'in', 8212, NULL, '2000-10-05 00:04:30', '1982-02-15 01:46:23');
INSERT INTO `media` (`id`, `media_type_id`, `user_id`, `filename`, `size`, `metadata`, `created_at`, `updated_at`) VALUES (16, 1, 123, 'beatae', 83655, NULL, '2017-01-06 03:40:53', '1986-08-11 16:41:42');
INSERT INTO `media` (`id`, `media_type_id`, `user_id`, `filename`, `size`, `metadata`, `created_at`, `updated_at`) VALUES (17, 2, 126, 'qui', 773359, NULL, '1990-10-30 20:33:51', '1975-07-11 03:43:15');
INSERT INTO `media` (`id`, `media_type_id`, `user_id`, `filename`, `size`, `metadata`, `created_at`, `updated_at`) VALUES (18, 3, 129, 'amet', 280, NULL, '1976-02-20 03:13:22', '1997-12-01 08:12:38');
INSERT INTO `media` (`id`, `media_type_id`, `user_id`, `filename`, `size`, `metadata`, `created_at`, `updated_at`) VALUES (19, 1, 130, 'dolores', 855001319, NULL, '1979-12-22 11:05:37', '2004-05-26 00:18:14');
INSERT INTO `media` (`id`, `media_type_id`, `user_id`, `filename`, `size`, `metadata`, `created_at`, `updated_at`) VALUES (20, 2, 131, 'fugit', 303197322, NULL, '2000-03-25 20:36:36', '2016-05-28 22:48:19');
INSERT INTO `media` (`id`, `media_type_id`, `user_id`, `filename`, `size`, `metadata`, `created_at`, `updated_at`) VALUES (21, 3, 132, 'dolor', 4, NULL, '2007-03-14 16:22:10', '2019-10-17 07:30:57');
INSERT INTO `media` (`id`, `media_type_id`, `user_id`, `filename`, `size`, `metadata`, `created_at`, `updated_at`) VALUES (22, 1, 134, 'autem', 4821866, NULL, '1998-07-27 12:59:30', '1995-12-12 07:09:04');
INSERT INTO `media` (`id`, `media_type_id`, `user_id`, `filename`, `size`, `metadata`, `created_at`, `updated_at`) VALUES (23, 2, 135, 'ut', 96, NULL, '2002-01-27 14:40:41', '2004-11-05 13:16:10');
INSERT INTO `media` (`id`, `media_type_id`, `user_id`, `filename`, `size`, `metadata`, `created_at`, `updated_at`) VALUES (24, 3, 136, 'qui', 87638, NULL, '2009-01-30 21:48:56', '2001-09-08 08:25:46');
INSERT INTO `media` (`id`, `media_type_id`, `user_id`, `filename`, `size`, `metadata`, `created_at`, `updated_at`) VALUES (25, 1, 137, 'enim', 6576, NULL, '1991-02-01 22:33:12', '2004-03-16 01:44:16');
INSERT INTO `media` (`id`, `media_type_id`, `user_id`, `filename`, `size`, `metadata`, `created_at`, `updated_at`) VALUES (26, 2, 138, 'aperiam', 94, NULL, '1980-05-11 18:41:38', '2003-08-13 09:23:16');
INSERT INTO `media` (`id`, `media_type_id`, `user_id`, `filename`, `size`, `metadata`, `created_at`, `updated_at`) VALUES (27, 3, 139, 'quo', 9206045, NULL, '1998-02-13 03:04:49', '1997-10-20 15:31:52');
INSERT INTO `media` (`id`, `media_type_id`, `user_id`, `filename`, `size`, `metadata`, `created_at`, `updated_at`) VALUES (28, 1, 141, 'error', 218, NULL, '2014-05-26 02:58:33', '2015-08-19 14:16:18');
INSERT INTO `media` (`id`, `media_type_id`, `user_id`, `filename`, `size`, `metadata`, `created_at`, `updated_at`) VALUES (29, 2, 142, 'quaerat', 0, NULL, '1970-12-03 13:54:00', '1982-11-02 12:38:22');
INSERT INTO `media` (`id`, `media_type_id`, `user_id`, `filename`, `size`, `metadata`, `created_at`, `updated_at`) VALUES (30, 3, 143, 'quis', 71674, NULL, '2000-01-09 02:11:12', '2013-07-02 09:48:40');
INSERT INTO `media` (`id`, `media_type_id`, `user_id`, `filename`, `size`, `metadata`, `created_at`, `updated_at`) VALUES (31, 1, 147, 'non', 541, NULL, '2004-07-15 20:04:30', '1978-06-13 13:23:38');
INSERT INTO `media` (`id`, `media_type_id`, `user_id`, `filename`, `size`, `metadata`, `created_at`, `updated_at`) VALUES (32, 2, 148, 'consequatur', 5835460, NULL, '1976-10-01 18:43:46', '2015-12-13 06:36:25');
INSERT INTO `media` (`id`, `media_type_id`, `user_id`, `filename`, `size`, `metadata`, `created_at`, `updated_at`) VALUES (33, 3, 149, 'ducimus', 445, NULL, '2008-09-05 11:42:40', '1985-08-23 18:46:37');
INSERT INTO `media` (`id`, `media_type_id`, `user_id`, `filename`, `size`, `metadata`, `created_at`, `updated_at`) VALUES (34, 1, 151, 'saepe', 512, NULL, '2008-01-07 10:07:03', '1994-06-15 15:51:01');
INSERT INTO `media` (`id`, `media_type_id`, `user_id`, `filename`, `size`, `metadata`, `created_at`, `updated_at`) VALUES (35, 2, 152, 'eos', 4169, NULL, '1974-04-10 08:38:29', '1989-08-15 05:43:19');
INSERT INTO `media` (`id`, `media_type_id`, `user_id`, `filename`, `size`, `metadata`, `created_at`, `updated_at`) VALUES (36, 3, 153, 'dicta', 3544, NULL, '1974-06-04 01:06:40', '1987-05-02 22:26:55');
INSERT INTO `media` (`id`, `media_type_id`, `user_id`, `filename`, `size`, `metadata`, `created_at`, `updated_at`) VALUES (37, 1, 155, 'non', 96214, NULL, '1994-05-05 09:14:57', '2015-05-07 21:37:45');
INSERT INTO `media` (`id`, `media_type_id`, `user_id`, `filename`, `size`, `metadata`, `created_at`, `updated_at`) VALUES (38, 2, 159, 'sit', 0, NULL, '1994-02-15 08:48:53', '1973-12-10 21:42:38');
INSERT INTO `media` (`id`, `media_type_id`, `user_id`, `filename`, `size`, `metadata`, `created_at`, `updated_at`) VALUES (39, 3, 160, 'qui', 0, NULL, '2018-09-17 14:16:36', '1971-03-31 21:12:51');
INSERT INTO `media` (`id`, `media_type_id`, `user_id`, `filename`, `size`, `metadata`, `created_at`, `updated_at`) VALUES (40, 1, 161, 'dolores', 72, NULL, '2002-09-09 05:34:52', '2018-02-19 15:48:37');
INSERT INTO `media` (`id`, `media_type_id`, `user_id`, `filename`, `size`, `metadata`, `created_at`, `updated_at`) VALUES (41, 2, 164, 'est', 5135, NULL, '2012-04-18 23:28:04', '2011-06-17 16:11:39');
INSERT INTO `media` (`id`, `media_type_id`, `user_id`, `filename`, `size`, `metadata`, `created_at`, `updated_at`) VALUES (42, 3, 168, 'facere', 774338673, NULL, '1974-11-01 11:05:56', '1999-05-18 11:03:50');
INSERT INTO `media` (`id`, `media_type_id`, `user_id`, `filename`, `size`, `metadata`, `created_at`, `updated_at`) VALUES (43, 1, 169, 'aperiam', 63302099, NULL, '1970-02-08 12:13:47', '2000-09-20 02:10:43');
INSERT INTO `media` (`id`, `media_type_id`, `user_id`, `filename`, `size`, `metadata`, `created_at`, `updated_at`) VALUES (44, 2, 170, 'nam', 603, NULL, '1989-05-02 12:04:57', '1977-11-04 10:22:29');
INSERT INTO `media` (`id`, `media_type_id`, `user_id`, `filename`, `size`, `metadata`, `created_at`, `updated_at`) VALUES (45, 3, 171, 'incidunt', 0, NULL, '1982-04-26 05:41:05', '1970-03-16 08:28:06');
INSERT INTO `media` (`id`, `media_type_id`, `user_id`, `filename`, `size`, `metadata`, `created_at`, `updated_at`) VALUES (46, 1, 175, 'consequatur', 2, NULL, '1983-10-06 00:08:27', '2008-11-22 19:23:56');
INSERT INTO `media` (`id`, `media_type_id`, `user_id`, `filename`, `size`, `metadata`, `created_at`, `updated_at`) VALUES (47, 2, 176, 'commodi', 665380, NULL, '1997-02-01 22:22:32', '1970-07-18 02:28:13');
INSERT INTO `media` (`id`, `media_type_id`, `user_id`, `filename`, `size`, `metadata`, `created_at`, `updated_at`) VALUES (48, 3, 177, 'sit', 848852, NULL, '2000-02-15 16:16:16', '2013-01-16 08:16:52');
INSERT INTO `media` (`id`, `media_type_id`, `user_id`, `filename`, `size`, `metadata`, `created_at`, `updated_at`) VALUES (49, 1, 179, 'facere', 102, NULL, '2000-07-21 10:08:00', '2014-07-05 07:46:53');
INSERT INTO `media` (`id`, `media_type_id`, `user_id`, `filename`, `size`, `metadata`, `created_at`, `updated_at`) VALUES (50, 2, 180, 'qui', 8, NULL, '1985-04-30 21:32:00', '2007-11-18 09:32:31');


#
# TABLE STRUCTURE FOR: media_types
#

DROP TABLE IF EXISTS `media_types`;

CREATE TABLE `media_types` (
  `id` int(10) unsigned NOT NULL AUTO_INCREMENT,
  `name` varchar(255) COLLATE utf8_unicode_ci NOT NULL,
  PRIMARY KEY (`id`)
) ENGINE=InnoDB AUTO_INCREMENT=4 DEFAULT CHARSET=utf8 COLLATE=utf8_unicode_ci;

INSERT INTO `media_types` (`id`, `name`) VALUES (1, 'eum');
INSERT INTO `media_types` (`id`, `name`) VALUES (2, 'autem');
INSERT INTO `media_types` (`id`, `name`) VALUES (3, 'et');


#
# TABLE STRUCTURE FOR: messages
#

DROP TABLE IF EXISTS `messages`;

CREATE TABLE `messages` (
  `id` int(10) unsigned NOT NULL AUTO_INCREMENT,
  `from_user_id` int(10) unsigned NOT NULL,
  `to_user_id` int(10) unsigned NOT NULL,
  `body` text COLLATE utf8_unicode_ci NOT NULL,
  `is_important` tinyint(1) DEFAULT NULL,
  `is_delivered` tinyint(1) DEFAULT NULL,
  `created_at` datetime DEFAULT current_timestamp(),
  PRIMARY KEY (`id`)
) ENGINE=InnoDB AUTO_INCREMENT=101 DEFAULT CHARSET=utf8 COLLATE=utf8_unicode_ci;

INSERT INTO `messages` (`id`, `from_user_id`, `to_user_id`, `body`, `is_important`, `is_delivered`, `created_at`) VALUES (1, 101, 101, 'Ab earum eaque culpa voluptatem. Et molestias est soluta accusantium molestias. Consequatur sit ut sint minus nemo fugiat harum magnam. Aspernatur dolorem libero dolorem autem non voluptas eligendi dolor.', 0, 1, '1990-03-24 16:21:09');
INSERT INTO `messages` (`id`, `from_user_id`, `to_user_id`, `body`, `is_important`, `is_delivered`, `created_at`) VALUES (2, 102, 102, 'Ad quia pariatur est temporibus nulla voluptates. Consequatur et minus aut molestiae sed veniam totam. Aperiam voluptas sapiente tempora. Et eveniet dolores explicabo perferendis.', 0, 1, '1990-02-10 22:53:18');
INSERT INTO `messages` (`id`, `from_user_id`, `to_user_id`, `body`, `is_important`, `is_delivered`, `created_at`) VALUES (3, 106, 106, 'Qui placeat explicabo in et odit temporibus sapiente. Aut et harum commodi modi quae et. Ipsa perspiciatis qui maiores.', 1, 1, '1976-01-24 09:07:17');
INSERT INTO `messages` (`id`, `from_user_id`, `to_user_id`, `body`, `is_important`, `is_delivered`, `created_at`) VALUES (4, 107, 107, 'Quaerat vitae eveniet ducimus qui distinctio suscipit. Eligendi magnam culpa qui quidem totam eveniet adipisci. Ipsum architecto corrupti error est repellat nam. Laborum quibusdam officiis et debitis veniam.', 0, 0, '1986-05-08 01:32:40');
INSERT INTO `messages` (`id`, `from_user_id`, `to_user_id`, `body`, `is_important`, `is_delivered`, `created_at`) VALUES (5, 108, 108, 'Ipsa qui excepturi rem minima facilis id. Natus assumenda fugit et ex assumenda. Quae totam est nihil dolorem nulla.', 0, 0, '1987-06-20 02:00:51');
INSERT INTO `messages` (`id`, `from_user_id`, `to_user_id`, `body`, `is_important`, `is_delivered`, `created_at`) VALUES (6, 109, 109, 'Error aut tempora non et placeat est asperiores. Voluptate qui illum earum aut. Unde quo hic quia in.', 0, 1, '1997-05-06 14:06:26');
INSERT INTO `messages` (`id`, `from_user_id`, `to_user_id`, `body`, `is_important`, `is_delivered`, `created_at`) VALUES (7, 110, 110, 'Commodi molestias perspiciatis aspernatur accusamus quidem eos. Ex culpa sed in quibusdam ratione. Ipsam magnam saepe ut dolor occaecati repudiandae qui.', 1, 1, '1994-10-18 18:47:13');
INSERT INTO `messages` (`id`, `from_user_id`, `to_user_id`, `body`, `is_important`, `is_delivered`, `created_at`) VALUES (8, 111, 111, 'Doloribus impedit doloremque quas voluptatum qui maxime. Ab neque perferendis necessitatibus expedita natus quo nobis. Similique odio perferendis earum dolor repudiandae ducimus perferendis. Facilis est exercitationem in vel et rerum.', 1, 1, '1994-01-18 16:04:21');
INSERT INTO `messages` (`id`, `from_user_id`, `to_user_id`, `body`, `is_important`, `is_delivered`, `created_at`) VALUES (9, 112, 112, 'Qui corrupti voluptatem officiis odit qui. Reprehenderit doloremque non cumque suscipit enim sed eum. Voluptatem dicta rem vel impedit delectus quia labore optio. Dicta cum ut omnis temporibus ut autem.', 1, 0, '1996-03-02 12:38:00');
INSERT INTO `messages` (`id`, `from_user_id`, `to_user_id`, `body`, `is_important`, `is_delivered`, `created_at`) VALUES (10, 113, 113, 'Dolor minus culpa nobis aut. Porro ad suscipit adipisci sequi et veritatis nisi non. Omnis recusandae voluptatem porro modi dolorem quas itaque.', 1, 1, '1971-09-14 06:11:22');
INSERT INTO `messages` (`id`, `from_user_id`, `to_user_id`, `body`, `is_important`, `is_delivered`, `created_at`) VALUES (11, 115, 115, 'In temporibus nihil quam quisquam. Saepe tenetur exercitationem harum sed aperiam sed corporis labore. Ut debitis dolorum minima sint sit.', 0, 1, '2016-02-07 12:53:10');
INSERT INTO `messages` (`id`, `from_user_id`, `to_user_id`, `body`, `is_important`, `is_delivered`, `created_at`) VALUES (12, 116, 116, 'Dolores aut facere consequatur. Praesentium occaecati in iure reprehenderit voluptas perspiciatis. Libero ad sunt molestias consectetur aut recusandae. Ad sit doloremque hic dignissimos et magni qui ex. Quo dolor ullam distinctio omnis molestias.', 0, 1, '2009-03-08 03:48:52');
INSERT INTO `messages` (`id`, `from_user_id`, `to_user_id`, `body`, `is_important`, `is_delivered`, `created_at`) VALUES (13, 117, 117, 'Eligendi quos molestiae blanditiis laborum. Soluta quae deserunt odio eum praesentium et doloremque. Et est est reprehenderit et incidunt ad id architecto. Inventore quo est et labore.', 0, 1, '2000-05-22 08:20:47');
INSERT INTO `messages` (`id`, `from_user_id`, `to_user_id`, `body`, `is_important`, `is_delivered`, `created_at`) VALUES (14, 120, 120, 'Sed sequi deserunt est eum voluptas. Doloribus aspernatur mollitia ut.', 0, 1, '2013-01-06 00:18:54');
INSERT INTO `messages` (`id`, `from_user_id`, `to_user_id`, `body`, `is_important`, `is_delivered`, `created_at`) VALUES (15, 121, 121, 'Nam est voluptatem tempora quos ut nemo. Et cupiditate quisquam quo hic libero exercitationem nihil. Autem necessitatibus quas dolorum recusandae. Voluptates quia voluptas unde quia. Maiores quasi soluta expedita maxime veniam explicabo.', 1, 1, '1974-04-09 10:02:42');
INSERT INTO `messages` (`id`, `from_user_id`, `to_user_id`, `body`, `is_important`, `is_delivered`, `created_at`) VALUES (16, 123, 123, 'Qui velit illum aut dicta. Fuga facilis veritatis et dolores temporibus dolorum soluta. Sequi mollitia tempore consequatur provident commodi eius.', 1, 0, '1972-10-09 08:27:51');
INSERT INTO `messages` (`id`, `from_user_id`, `to_user_id`, `body`, `is_important`, `is_delivered`, `created_at`) VALUES (17, 126, 126, 'Voluptatem quas illum eius sapiente consectetur dolorem praesentium voluptatem. Dolor aut soluta qui repellat. Vitae consectetur aut unde sit tenetur eum quis odit.', 0, 0, '2018-09-23 22:01:51');
INSERT INTO `messages` (`id`, `from_user_id`, `to_user_id`, `body`, `is_important`, `is_delivered`, `created_at`) VALUES (18, 129, 129, 'Velit velit modi distinctio dolorem ab impedit consequatur tempora. Aut quasi reiciendis quo minus ad sed consequatur.', 0, 0, '1994-05-06 17:23:25');
INSERT INTO `messages` (`id`, `from_user_id`, `to_user_id`, `body`, `is_important`, `is_delivered`, `created_at`) VALUES (19, 130, 130, 'Itaque possimus velit laborum aut et quas perspiciatis. Veritatis quaerat praesentium dolores aliquam magni. At sapiente incidunt perspiciatis consequatur. Dolorem et eum deleniti omnis similique suscipit non incidunt.', 1, 1, '2003-02-10 12:51:22');
INSERT INTO `messages` (`id`, `from_user_id`, `to_user_id`, `body`, `is_important`, `is_delivered`, `created_at`) VALUES (20, 131, 131, 'Rem eveniet enim ut iste. Sunt officia dignissimos ea dolores officiis eius. Aut et quis quis at eveniet.', 0, 0, '2008-04-15 14:25:09');
INSERT INTO `messages` (`id`, `from_user_id`, `to_user_id`, `body`, `is_important`, `is_delivered`, `created_at`) VALUES (21, 132, 132, 'Nihil odit sit doloremque aut accusamus impedit. Aut esse dolor ratione modi. Voluptas ad esse consequatur voluptas sequi doloribus aut natus.', 0, 0, '1979-08-17 23:58:47');
INSERT INTO `messages` (`id`, `from_user_id`, `to_user_id`, `body`, `is_important`, `is_delivered`, `created_at`) VALUES (22, 134, 134, 'Voluptas explicabo cum et molestiae nostrum. Natus modi laudantium hic.', 0, 0, '2001-09-25 21:47:22');
INSERT INTO `messages` (`id`, `from_user_id`, `to_user_id`, `body`, `is_important`, `is_delivered`, `created_at`) VALUES (23, 135, 135, 'Eligendi incidunt similique inventore est harum distinctio. Consectetur rerum libero illum et dolorem. Aut eum ea voluptates nostrum enim quis necessitatibus nam.', 0, 0, '1995-02-05 10:26:31');
INSERT INTO `messages` (`id`, `from_user_id`, `to_user_id`, `body`, `is_important`, `is_delivered`, `created_at`) VALUES (24, 136, 136, 'Saepe iure eveniet laboriosam consequuntur. Iusto velit enim fuga. Voluptas itaque quis est quia pariatur eligendi.', 0, 1, '2005-11-28 05:58:27');
INSERT INTO `messages` (`id`, `from_user_id`, `to_user_id`, `body`, `is_important`, `is_delivered`, `created_at`) VALUES (25, 137, 137, 'Sapiente quae ex iste est reiciendis. Nihil eaque debitis illo molestias. Consectetur dicta laudantium repellat qui. Ea quo officiis libero rerum aliquam harum.', 1, 1, '2005-02-22 12:55:46');
INSERT INTO `messages` (`id`, `from_user_id`, `to_user_id`, `body`, `is_important`, `is_delivered`, `created_at`) VALUES (26, 138, 138, 'Dolores repellat suscipit aspernatur suscipit qui labore voluptate possimus. Ab est sed nobis alias minus perspiciatis rerum. Et tempore hic accusantium quo perferendis. At qui ut maiores quia facere.', 1, 0, '2000-04-17 11:34:34');
INSERT INTO `messages` (`id`, `from_user_id`, `to_user_id`, `body`, `is_important`, `is_delivered`, `created_at`) VALUES (27, 139, 139, 'Perspiciatis fugiat vero voluptatem necessitatibus recusandae saepe est. Qui sequi aut aliquam voluptatem.', 0, 0, '1973-05-18 09:12:35');
INSERT INTO `messages` (`id`, `from_user_id`, `to_user_id`, `body`, `is_important`, `is_delivered`, `created_at`) VALUES (28, 141, 141, 'Est consequatur et in omnis deserunt. Molestias nemo repellendus explicabo repudiandae. Ipsum amet unde accusamus neque ut ut quo. Alias repellendus inventore repellat eius illo sunt.', 1, 0, '1978-04-24 23:36:17');
INSERT INTO `messages` (`id`, `from_user_id`, `to_user_id`, `body`, `is_important`, `is_delivered`, `created_at`) VALUES (29, 142, 142, 'Quidem sit ut laboriosam molestiae. Consectetur veniam sint itaque dolor qui accusantium perferendis. Earum beatae soluta molestiae velit quia eos omnis consequatur.', 1, 0, '1993-07-30 22:12:32');
INSERT INTO `messages` (`id`, `from_user_id`, `to_user_id`, `body`, `is_important`, `is_delivered`, `created_at`) VALUES (30, 143, 143, 'Autem quaerat dignissimos qui eos temporibus molestiae. Autem voluptatem atque mollitia magni ex fugit est. Voluptates velit et tempora aut.', 0, 1, '1996-05-10 07:58:59');
INSERT INTO `messages` (`id`, `from_user_id`, `to_user_id`, `body`, `is_important`, `is_delivered`, `created_at`) VALUES (31, 147, 147, 'Voluptas vel ut velit. Et incidunt aut reprehenderit dolore quia. Quam maiores quod unde exercitationem velit eligendi. Quam esse et sed quia ipsam officiis.', 0, 0, '2009-03-13 01:47:07');
INSERT INTO `messages` (`id`, `from_user_id`, `to_user_id`, `body`, `is_important`, `is_delivered`, `created_at`) VALUES (32, 148, 148, 'Exercitationem voluptatum esse aliquid enim aut veritatis. Eum facere eos magni voluptatum. Itaque quis cumque ut rerum autem.', 0, 1, '1983-10-27 23:12:04');
INSERT INTO `messages` (`id`, `from_user_id`, `to_user_id`, `body`, `is_important`, `is_delivered`, `created_at`) VALUES (33, 149, 149, 'Mollitia sit magnam et itaque omnis illo atque. Neque voluptatem ad quaerat voluptatem velit. Et numquam fugiat dicta reiciendis deserunt dolorum. Quia ut ad asperiores maiores omnis qui.', 1, 1, '1994-11-06 03:20:46');
INSERT INTO `messages` (`id`, `from_user_id`, `to_user_id`, `body`, `is_important`, `is_delivered`, `created_at`) VALUES (34, 151, 151, 'Debitis sint et sint nihil odit assumenda. Harum dolores nemo aliquam iure. Dolorem neque dolores enim suscipit fugiat possimus eos.', 1, 1, '2008-10-05 07:28:32');
INSERT INTO `messages` (`id`, `from_user_id`, `to_user_id`, `body`, `is_important`, `is_delivered`, `created_at`) VALUES (35, 152, 152, 'Ex quia autem mollitia commodi nulla aut modi. Cumque quia placeat qui quasi. Sunt nisi ipsum ut pariatur. Eos dolorem in cupiditate recusandae explicabo nisi.', 1, 1, '2006-06-17 09:43:55');
INSERT INTO `messages` (`id`, `from_user_id`, `to_user_id`, `body`, `is_important`, `is_delivered`, `created_at`) VALUES (36, 153, 153, 'Inventore ut delectus nesciunt iste. Autem deserunt quos voluptas ut minus vel magnam. Natus architecto alias aperiam nemo.', 1, 1, '2012-03-26 21:00:31');
INSERT INTO `messages` (`id`, `from_user_id`, `to_user_id`, `body`, `is_important`, `is_delivered`, `created_at`) VALUES (37, 155, 155, 'Nostrum ratione ex eum quia sed earum. Ipsam at temporibus dolorem rerum ab ut.', 0, 1, '2013-01-20 02:36:00');
INSERT INTO `messages` (`id`, `from_user_id`, `to_user_id`, `body`, `is_important`, `is_delivered`, `created_at`) VALUES (38, 159, 159, 'Perspiciatis maiores ut enim et. Nemo soluta exercitationem blanditiis omnis ullam commodi. Exercitationem et dolores quas quam porro. Nostrum voluptas est minima et voluptatum id.', 1, 0, '1979-03-19 06:36:56');
INSERT INTO `messages` (`id`, `from_user_id`, `to_user_id`, `body`, `is_important`, `is_delivered`, `created_at`) VALUES (39, 160, 160, 'Est a quidem nulla et harum ratione possimus qui. Non nulla alias quia unde aut vel esse. Est sed a error adipisci ipsa rerum deleniti fugit. Cumque recusandae mollitia aut explicabo explicabo deserunt.', 1, 0, '1988-01-11 21:36:09');
INSERT INTO `messages` (`id`, `from_user_id`, `to_user_id`, `body`, `is_important`, `is_delivered`, `created_at`) VALUES (40, 161, 161, 'Ut non ratione expedita voluptas quibusdam molestiae. Dolor accusamus adipisci laboriosam corporis repudiandae nam ducimus. Fugit officia eligendi repellat deleniti quis omnis.', 0, 1, '2017-03-02 00:27:02');
INSERT INTO `messages` (`id`, `from_user_id`, `to_user_id`, `body`, `is_important`, `is_delivered`, `created_at`) VALUES (41, 164, 164, 'Et suscipit rerum ducimus a sunt numquam error. Sed ut rerum possimus doloribus officiis. Voluptatem quidem repudiandae voluptatum. Porro nihil voluptatem doloremque quia ut.', 1, 1, '2001-12-17 09:52:53');
INSERT INTO `messages` (`id`, `from_user_id`, `to_user_id`, `body`, `is_important`, `is_delivered`, `created_at`) VALUES (42, 168, 168, 'Magnam aliquid voluptas impedit et eveniet. Accusamus occaecati nihil similique porro nisi sapiente. In veniam voluptas ut et veritatis eum aut. Sed possimus ipsa atque dolor.', 1, 0, '1985-07-01 12:16:52');
INSERT INTO `messages` (`id`, `from_user_id`, `to_user_id`, `body`, `is_important`, `is_delivered`, `created_at`) VALUES (43, 169, 169, 'Molestias ratione numquam sint aut voluptatem deleniti ut culpa. Quo optio porro ea voluptas est dolores eos. Rem eos veritatis vel porro earum magnam dolore.', 0, 0, '2004-02-28 10:11:26');
INSERT INTO `messages` (`id`, `from_user_id`, `to_user_id`, `body`, `is_important`, `is_delivered`, `created_at`) VALUES (44, 170, 170, 'Vel ex nam explicabo eos rerum ut porro. Quasi accusantium rerum dolorem non velit autem ut. Totam velit laboriosam atque dolores amet voluptatem. Unde ratione inventore hic atque voluptates.', 1, 0, '1980-01-24 17:51:02');
INSERT INTO `messages` (`id`, `from_user_id`, `to_user_id`, `body`, `is_important`, `is_delivered`, `created_at`) VALUES (45, 171, 171, 'Laudantium excepturi ducimus et maiores vitae alias. Perspiciatis adipisci aut dolore modi nisi reiciendis. Optio similique quis blanditiis. Eveniet architecto excepturi asperiores iusto.', 1, 0, '2002-10-28 21:48:59');
INSERT INTO `messages` (`id`, `from_user_id`, `to_user_id`, `body`, `is_important`, `is_delivered`, `created_at`) VALUES (46, 175, 175, 'Molestiae et sequi temporibus quia maxime quas. Laboriosam autem cupiditate accusantium nulla quaerat consequatur dolorem tempore.', 0, 0, '1988-05-03 16:53:15');
INSERT INTO `messages` (`id`, `from_user_id`, `to_user_id`, `body`, `is_important`, `is_delivered`, `created_at`) VALUES (47, 176, 176, 'Commodi ut quis facilis at qui. Ullam minus soluta dolores amet harum atque consectetur. Architecto quis incidunt fugiat cupiditate molestiae.', 1, 0, '1978-08-11 19:12:35');
INSERT INTO `messages` (`id`, `from_user_id`, `to_user_id`, `body`, `is_important`, `is_delivered`, `created_at`) VALUES (48, 177, 177, 'Enim dolor eligendi rerum aut rem. Nulla velit inventore ratione provident. Modi atque modi autem nihil esse natus. Quas autem eum impedit velit quia eius cupiditate.', 1, 1, '1974-12-06 06:34:04');
INSERT INTO `messages` (`id`, `from_user_id`, `to_user_id`, `body`, `is_important`, `is_delivered`, `created_at`) VALUES (49, 179, 179, 'Autem veritatis suscipit ipsum dolor et. Optio odio labore voluptatem atque ut dignissimos qui. Enim voluptas et cum voluptatem. Modi sed ratione omnis ut.', 1, 1, '1988-08-27 03:31:04');
INSERT INTO `messages` (`id`, `from_user_id`, `to_user_id`, `body`, `is_important`, `is_delivered`, `created_at`) VALUES (50, 180, 180, 'Eligendi labore mollitia error autem et voluptas dignissimos. Vitae praesentium tempore qui dignissimos nisi quas nesciunt. Corporis architecto rem pariatur dolorem ipsam illo expedita.', 1, 1, '1991-03-28 18:57:01');
INSERT INTO `messages` (`id`, `from_user_id`, `to_user_id`, `body`, `is_important`, `is_delivered`, `created_at`) VALUES (51, 183, 183, 'Enim molestiae ab ex dolor facere. Maxime sint consequatur excepturi qui corporis numquam laudantium. Id est corporis mollitia architecto. Id error sed dolorem rerum.', 0, 0, '1973-07-05 22:56:02');
INSERT INTO `messages` (`id`, `from_user_id`, `to_user_id`, `body`, `is_important`, `is_delivered`, `created_at`) VALUES (52, 184, 184, 'Earum esse ullam occaecati et voluptate et. Hic voluptas libero necessitatibus maiores consectetur rerum optio aut. Commodi doloremque numquam velit voluptatem.', 1, 1, '1997-05-23 09:48:36');
INSERT INTO `messages` (`id`, `from_user_id`, `to_user_id`, `body`, `is_important`, `is_delivered`, `created_at`) VALUES (53, 185, 185, 'Mollitia et blanditiis tempora dolores. Nulla quam hic eius illum voluptas. Aut accusantium impedit voluptatibus mollitia voluptas. Quia veniam occaecati iure reiciendis veritatis et.', 0, 0, '2012-06-09 01:19:15');
INSERT INTO `messages` (`id`, `from_user_id`, `to_user_id`, `body`, `is_important`, `is_delivered`, `created_at`) VALUES (54, 186, 186, 'Molestias ducimus dicta sed aut quis autem harum. Optio vel illum tenetur ipsum. Consequatur iusto architecto ratione ipsam qui ut itaque. In praesentium et tempora cum ut magni.', 0, 1, '1977-06-26 17:17:41');
INSERT INTO `messages` (`id`, `from_user_id`, `to_user_id`, `body`, `is_important`, `is_delivered`, `created_at`) VALUES (55, 187, 187, 'Asperiores occaecati nihil rerum corporis rem. Rerum illum non placeat. Reiciendis sunt est totam et ea. Neque optio voluptatem et vel.', 1, 0, '1975-07-23 02:57:49');
INSERT INTO `messages` (`id`, `from_user_id`, `to_user_id`, `body`, `is_important`, `is_delivered`, `created_at`) VALUES (56, 189, 189, 'Ducimus voluptates est corrupti in quasi atque. Explicabo consequatur provident cupiditate id. Non voluptas nihil temporibus.', 1, 1, '2017-09-05 12:42:28');
INSERT INTO `messages` (`id`, `from_user_id`, `to_user_id`, `body`, `is_important`, `is_delivered`, `created_at`) VALUES (57, 192, 192, 'Autem voluptatem consectetur quibusdam corrupti assumenda a. A esse esse dolorem. Optio repellendus et ut ab pariatur et.', 0, 0, '2007-11-03 05:28:55');
INSERT INTO `messages` (`id`, `from_user_id`, `to_user_id`, `body`, `is_important`, `is_delivered`, `created_at`) VALUES (58, 193, 193, 'Enim et harum vero voluptatum rem voluptas. Unde quo perferendis rem ut alias rerum et temporibus. Ipsam facilis eos consequuntur omnis velit. Aut expedita culpa deserunt et quaerat placeat recusandae sit.', 0, 0, '1980-10-13 17:43:21');
INSERT INTO `messages` (`id`, `from_user_id`, `to_user_id`, `body`, `is_important`, `is_delivered`, `created_at`) VALUES (59, 194, 194, 'Blanditiis beatae rerum dicta nobis sunt. Eius enim aut sed eaque quam id adipisci.', 0, 1, '1970-11-07 01:04:41');
INSERT INTO `messages` (`id`, `from_user_id`, `to_user_id`, `body`, `is_important`, `is_delivered`, `created_at`) VALUES (60, 195, 195, 'Iure voluptate et harum ad impedit. Cumque amet maiores impedit. Voluptatem consequuntur doloremque similique. Aut rerum quia magni voluptas iure molestiae consequuntur vel.', 1, 1, '2018-12-31 22:48:41');
INSERT INTO `messages` (`id`, `from_user_id`, `to_user_id`, `body`, `is_important`, `is_delivered`, `created_at`) VALUES (61, 196, 196, 'Consectetur voluptas libero qui voluptatibus possimus ut qui. Dolores velit voluptates debitis quia rem harum. Consequatur quibusdam totam dolore occaecati ipsam. Qui corporis quis facilis est consequatur reiciendis dignissimos.', 1, 0, '1974-10-16 23:01:42');
INSERT INTO `messages` (`id`, `from_user_id`, `to_user_id`, `body`, `is_important`, `is_delivered`, `created_at`) VALUES (62, 197, 197, 'Aspernatur velit est repellat quia repellendus. Omnis eos ut ab maiores quod quae. Architecto assumenda dolorum facilis rerum.', 1, 1, '1971-10-20 18:59:07');
INSERT INTO `messages` (`id`, `from_user_id`, `to_user_id`, `body`, `is_important`, `is_delivered`, `created_at`) VALUES (63, 101, 101, 'Animi rerum expedita minima. Delectus tempore et aliquam tenetur dicta. Enim mollitia adipisci eius aliquam aut nisi deserunt. Ut sapiente deleniti error qui numquam ut est est.', 1, 0, '2016-07-10 00:51:29');
INSERT INTO `messages` (`id`, `from_user_id`, `to_user_id`, `body`, `is_important`, `is_delivered`, `created_at`) VALUES (64, 102, 102, 'Ut cum deserunt eum officiis adipisci. Architecto et voluptatem molestias ipsa fuga. Dicta eos eos quo blanditiis neque et.', 0, 0, '1977-09-14 15:36:25');
INSERT INTO `messages` (`id`, `from_user_id`, `to_user_id`, `body`, `is_important`, `is_delivered`, `created_at`) VALUES (65, 106, 106, 'Facilis id sed illum ut labore est. Cum nihil tenetur necessitatibus non dolor. Quas id similique corrupti molestiae.', 0, 1, '1977-08-25 01:37:05');
INSERT INTO `messages` (`id`, `from_user_id`, `to_user_id`, `body`, `is_important`, `is_delivered`, `created_at`) VALUES (66, 107, 107, 'Dolorem ut doloribus vitae ipsa. Sed dolore eos rerum voluptates id quis impedit odio. Error eius sit totam asperiores sed nemo. Iusto aperiam qui facilis cupiditate et ratione.', 0, 0, '1986-08-12 09:29:16');
INSERT INTO `messages` (`id`, `from_user_id`, `to_user_id`, `body`, `is_important`, `is_delivered`, `created_at`) VALUES (67, 108, 108, 'Laudantium quo iusto sunt natus. Eligendi omnis repellendus quaerat et esse cupiditate quam. Vel qui eaque dignissimos. Accusantium sit quo dignissimos illum ipsa placeat ad magnam.', 1, 1, '2004-07-03 03:13:20');
INSERT INTO `messages` (`id`, `from_user_id`, `to_user_id`, `body`, `is_important`, `is_delivered`, `created_at`) VALUES (68, 109, 109, 'In et eveniet minus est. Perferendis sed ullam iusto officia id doloribus doloremque. Quia itaque ut est sapiente a voluptas eos.', 0, 0, '2006-10-21 16:34:24');
INSERT INTO `messages` (`id`, `from_user_id`, `to_user_id`, `body`, `is_important`, `is_delivered`, `created_at`) VALUES (69, 110, 110, 'Molestiae repudiandae repudiandae rerum soluta illo. Ut beatae cum aut deserunt voluptas dolores. Officiis impedit eos nesciunt et enim harum.', 1, 1, '1990-04-12 02:36:28');
INSERT INTO `messages` (`id`, `from_user_id`, `to_user_id`, `body`, `is_important`, `is_delivered`, `created_at`) VALUES (70, 111, 111, 'Laudantium labore reiciendis porro ipsa qui. Cupiditate ipsa asperiores ad quod magnam vero distinctio. Sunt laudantium consectetur omnis beatae cumque nulla. Aliquid inventore minima ipsam nostrum impedit eveniet velit.', 1, 0, '1980-11-06 20:47:31');
INSERT INTO `messages` (`id`, `from_user_id`, `to_user_id`, `body`, `is_important`, `is_delivered`, `created_at`) VALUES (71, 112, 112, 'Iure dolor iure dicta et molestiae. Est et ducimus rerum corrupti. Error explicabo at totam perferendis et eveniet.', 0, 0, '2003-05-10 12:04:34');
INSERT INTO `messages` (`id`, `from_user_id`, `to_user_id`, `body`, `is_important`, `is_delivered`, `created_at`) VALUES (72, 113, 113, 'Delectus itaque deleniti ullam vitae. Iste est porro consectetur omnis aut fugiat. Ipsa ut vero ut. Consectetur corrupti molestiae et harum accusamus possimus.', 0, 1, '2009-12-16 19:34:45');
INSERT INTO `messages` (`id`, `from_user_id`, `to_user_id`, `body`, `is_important`, `is_delivered`, `created_at`) VALUES (73, 115, 115, 'Eius ad optio impedit doloremque. Veniam sit qui nulla officia delectus. Omnis ratione ut et in blanditiis hic. Reprehenderit eum iure consequuntur consequuntur rerum.', 0, 0, '1974-01-06 04:05:37');
INSERT INTO `messages` (`id`, `from_user_id`, `to_user_id`, `body`, `is_important`, `is_delivered`, `created_at`) VALUES (74, 116, 116, 'Temporibus dolores aut qui perferendis optio. Accusamus laudantium voluptas aspernatur iusto. Cupiditate animi aut accusamus. Dolor ut esse qui ut et.', 1, 0, '2002-08-03 05:53:46');
INSERT INTO `messages` (`id`, `from_user_id`, `to_user_id`, `body`, `is_important`, `is_delivered`, `created_at`) VALUES (75, 117, 117, 'Nesciunt aut qui facere. Distinctio qui iste alias quos nostrum et pariatur. Est similique qui et velit officia. Odit qui magnam aut non nam.', 1, 0, '1982-06-24 13:12:31');
INSERT INTO `messages` (`id`, `from_user_id`, `to_user_id`, `body`, `is_important`, `is_delivered`, `created_at`) VALUES (76, 120, 120, 'Non doloremque voluptatem sit ut eum. Voluptatum sint in consequatur voluptatem. Laborum omnis quia cupiditate error.', 0, 1, '1989-01-08 01:52:27');
INSERT INTO `messages` (`id`, `from_user_id`, `to_user_id`, `body`, `is_important`, `is_delivered`, `created_at`) VALUES (77, 121, 121, 'Asperiores et quia eveniet quaerat quod. Quo qui sunt suscipit cumque.', 0, 1, '2003-09-08 03:57:40');
INSERT INTO `messages` (`id`, `from_user_id`, `to_user_id`, `body`, `is_important`, `is_delivered`, `created_at`) VALUES (78, 123, 123, 'Autem eligendi amet commodi laudantium id beatae. At impedit quam dolores cupiditate quis autem iste aut. Accusantium ut totam aliquam similique accusamus. Aut qui aspernatur alias est.', 0, 1, '1994-04-05 12:44:07');
INSERT INTO `messages` (`id`, `from_user_id`, `to_user_id`, `body`, `is_important`, `is_delivered`, `created_at`) VALUES (79, 126, 126, 'Ex asperiores quia omnis fugit. Nesciunt optio culpa esse omnis perferendis. Et illum eum saepe perspiciatis laborum.', 1, 0, '2006-08-03 21:10:35');
INSERT INTO `messages` (`id`, `from_user_id`, `to_user_id`, `body`, `is_important`, `is_delivered`, `created_at`) VALUES (80, 129, 129, 'Et reiciendis earum nisi. Dolores repellat dignissimos nulla nesciunt maiores. Omnis a voluptatem qui nihil voluptates a.', 0, 1, '2016-08-22 18:26:55');
INSERT INTO `messages` (`id`, `from_user_id`, `to_user_id`, `body`, `is_important`, `is_delivered`, `created_at`) VALUES (81, 130, 130, 'Accusantium quae qui qui iure tenetur quo molestiae quia. Quia alias quia deserunt aut.', 1, 1, '1979-03-10 00:41:42');
INSERT INTO `messages` (`id`, `from_user_id`, `to_user_id`, `body`, `is_important`, `is_delivered`, `created_at`) VALUES (82, 131, 131, 'Fugiat rerum deleniti amet molestiae debitis quibusdam. Alias nobis atque dolor. Placeat ut eveniet et voluptas dolorem iure non. Ad dolore provident expedita commodi temporibus sit quibusdam.', 0, 1, '1985-05-07 13:15:02');
INSERT INTO `messages` (`id`, `from_user_id`, `to_user_id`, `body`, `is_important`, `is_delivered`, `created_at`) VALUES (83, 132, 132, 'Aliquid cupiditate id sunt. Temporibus consequatur molestiae doloremque aut quaerat commodi optio. Sit eum ut necessitatibus accusantium praesentium porro consectetur. Aut ab odio omnis nihil omnis tenetur saepe. Ullam quo iusto voluptas enim minus.', 1, 0, '1993-01-29 07:52:58');
INSERT INTO `messages` (`id`, `from_user_id`, `to_user_id`, `body`, `is_important`, `is_delivered`, `created_at`) VALUES (84, 134, 134, 'Adipisci autem culpa consequatur. Natus facilis fugit enim explicabo natus nobis sunt. Sed tempora voluptas nihil exercitationem accusamus omnis voluptatem.', 1, 0, '2016-06-12 15:48:59');
INSERT INTO `messages` (`id`, `from_user_id`, `to_user_id`, `body`, `is_important`, `is_delivered`, `created_at`) VALUES (85, 135, 135, 'At placeat rerum voluptatibus quo odit. Accusantium maiores eligendi maiores cupiditate perspiciatis. Repellat id est aut quis quaerat. Animi quia ipsa excepturi aut.', 1, 0, '1981-12-14 01:33:36');
INSERT INTO `messages` (`id`, `from_user_id`, `to_user_id`, `body`, `is_important`, `is_delivered`, `created_at`) VALUES (86, 136, 136, 'Quo quasi consequatur perferendis fuga sunt. Incidunt possimus omnis voluptatum ad voluptatem. Perspiciatis id necessitatibus qui eos eligendi. Nihil officia in commodi occaecati. Quibusdam animi dolor et.', 1, 1, '1983-01-28 03:41:55');
INSERT INTO `messages` (`id`, `from_user_id`, `to_user_id`, `body`, `is_important`, `is_delivered`, `created_at`) VALUES (87, 137, 137, 'Nihil est ut ut et ea est dicta. Et et explicabo officia ut sit. Illo in ex et.', 1, 0, '2013-06-10 15:55:38');
INSERT INTO `messages` (`id`, `from_user_id`, `to_user_id`, `body`, `is_important`, `is_delivered`, `created_at`) VALUES (88, 138, 138, 'Numquam culpa et et veritatis minima occaecati vero. Dolore rem repellendus non cumque debitis dolor. Rem et libero illo impedit corrupti praesentium. Qui sit et nobis necessitatibus ipsa.', 1, 0, '1986-02-16 05:05:33');
INSERT INTO `messages` (`id`, `from_user_id`, `to_user_id`, `body`, `is_important`, `is_delivered`, `created_at`) VALUES (89, 139, 139, 'Autem eaque nobis magni temporibus. Officia asperiores sequi repudiandae qui enim commodi ad porro. Voluptatem quia quis quibusdam et.', 0, 1, '1970-11-11 12:42:17');
INSERT INTO `messages` (`id`, `from_user_id`, `to_user_id`, `body`, `is_important`, `is_delivered`, `created_at`) VALUES (90, 141, 141, 'Nam et nulla consequatur illum eum tenetur velit. Voluptatem ad necessitatibus ut est commodi. Possimus sunt autem et voluptas. Aut repellat quia et et quis totam optio blanditiis.', 0, 0, '1970-08-15 14:32:39');
INSERT INTO `messages` (`id`, `from_user_id`, `to_user_id`, `body`, `is_important`, `is_delivered`, `created_at`) VALUES (91, 142, 142, 'Dolorem ea debitis maxime sit placeat impedit. Non qui deserunt aliquid quas ea et. Quod et nulla occaecati laborum voluptas eius. Deserunt est molestias omnis sapiente sunt doloribus ducimus asperiores.', 0, 0, '2011-12-26 05:42:40');
INSERT INTO `messages` (`id`, `from_user_id`, `to_user_id`, `body`, `is_important`, `is_delivered`, `created_at`) VALUES (92, 143, 143, 'Ut voluptas fuga assumenda iusto sed unde rerum molestiae. Enim sed dolore qui quia quo.', 1, 0, '2016-03-19 12:30:53');
INSERT INTO `messages` (`id`, `from_user_id`, `to_user_id`, `body`, `is_important`, `is_delivered`, `created_at`) VALUES (93, 147, 147, 'Illum excepturi enim qui ut enim minus voluptatem. Maxime ex eos sunt aperiam doloribus id. At aut mollitia in molestiae corporis. Excepturi maxime sunt facilis ex provident non.', 1, 0, '1998-11-30 03:11:08');
INSERT INTO `messages` (`id`, `from_user_id`, `to_user_id`, `body`, `is_important`, `is_delivered`, `created_at`) VALUES (94, 148, 148, 'Iusto aliquid reiciendis doloremque. Saepe magnam qui et enim est provident aut. Temporibus mollitia doloribus aliquid nihil porro. Ipsa sed cumque voluptatum non sequi.', 0, 1, '1976-03-09 21:16:52');
INSERT INTO `messages` (`id`, `from_user_id`, `to_user_id`, `body`, `is_important`, `is_delivered`, `created_at`) VALUES (95, 149, 149, 'Quia voluptatem et reiciendis praesentium ut nisi. Quam quia ratione animi hic quae. Fugit cumque rem nam hic saepe.', 0, 1, '1975-06-18 13:35:36');
INSERT INTO `messages` (`id`, `from_user_id`, `to_user_id`, `body`, `is_important`, `is_delivered`, `created_at`) VALUES (96, 151, 151, 'Labore sit quisquam voluptatem deleniti veniam voluptatem quidem. Et nostrum adipisci similique repudiandae. Dignissimos ut voluptates vel quo dolorem excepturi nisi laborum. Eligendi maxime dignissimos nulla aut. Eos non ut fuga.', 1, 1, '2004-07-30 23:29:14');
INSERT INTO `messages` (`id`, `from_user_id`, `to_user_id`, `body`, `is_important`, `is_delivered`, `created_at`) VALUES (97, 152, 152, 'Praesentium error sunt perspiciatis impedit. Sequi rerum ipsum non mollitia. Ratione incidunt at voluptatem minima dolore.', 0, 0, '1977-08-17 08:24:49');
INSERT INTO `messages` (`id`, `from_user_id`, `to_user_id`, `body`, `is_important`, `is_delivered`, `created_at`) VALUES (98, 153, 153, 'Deserunt et soluta temporibus architecto quia id. Libero sunt molestiae est quis assumenda nemo nam aspernatur. Eligendi placeat illum ab temporibus sunt labore. Et nihil consequatur a totam corporis qui.', 0, 0, '1976-05-17 09:14:53');
INSERT INTO `messages` (`id`, `from_user_id`, `to_user_id`, `body`, `is_important`, `is_delivered`, `created_at`) VALUES (99, 155, 155, 'Necessitatibus rerum sunt et omnis iste fugit enim. Quo omnis facilis eum iste ab repudiandae qui. Fuga et expedita dolorem dicta. Amet quod voluptatibus voluptatibus veniam explicabo omnis aspernatur qui.', 1, 1, '1982-07-10 21:19:34');
INSERT INTO `messages` (`id`, `from_user_id`, `to_user_id`, `body`, `is_important`, `is_delivered`, `created_at`) VALUES (100, 159, 159, 'Odio ut ad ipsam id iure. Veniam eaque ut aspernatur in perspiciatis aut. Qui quia occaecati quis ea debitis suscipit. Accusantium maxime accusantium et.', 0, 0, '1999-04-03 23:36:27');


#
# TABLE STRUCTURE FOR: profiles
#

DROP TABLE IF EXISTS `profiles`;

CREATE TABLE `profiles` (
  `user_id` int(10) unsigned NOT NULL,
  `birthdate` date DEFAULT NULL,
  `city` varchar(50) COLLATE utf8_unicode_ci DEFAULT NULL,
  `country` varchar(50) COLLATE utf8_unicode_ci DEFAULT NULL,
  `photo_id` int(10) unsigned DEFAULT NULL,
  `created_at` datetime DEFAULT current_timestamp(),
  `updated_at` datetime DEFAULT current_timestamp() ON UPDATE current_timestamp()
) ENGINE=InnoDB DEFAULT CHARSET=utf8 COLLATE=utf8_unicode_ci;

INSERT INTO `profiles` (`user_id`, `birthdate`, `city`, `country`, `photo_id`, `created_at`, `updated_at`) VALUES (101, '2004-05-01', 'Fernandoville', 'Cayman Islands', 1, '2002-08-13 17:33:00', '2001-02-11 12:46:21');
INSERT INTO `profiles` (`user_id`, `birthdate`, `city`, `country`, `photo_id`, `created_at`, `updated_at`) VALUES (102, '1981-04-27', 'Brooksborough', 'Brazil', 2, '2009-05-31 19:35:43', '1978-10-03 05:37:12');
INSERT INTO `profiles` (`user_id`, `birthdate`, `city`, `country`, `photo_id`, `created_at`, `updated_at`) VALUES (106, '1993-03-08', 'Port Corneliusstad', 'Isle of Man', 3, '1976-12-01 05:17:57', '1984-07-08 21:58:21');
INSERT INTO `profiles` (`user_id`, `birthdate`, `city`, `country`, `photo_id`, `created_at`, `updated_at`) VALUES (107, '1995-01-17', 'New Reedfort', 'Albania', 4, '2018-08-05 11:39:21', '1981-10-03 19:15:03');
INSERT INTO `profiles` (`user_id`, `birthdate`, `city`, `country`, `photo_id`, `created_at`, `updated_at`) VALUES (108, '1970-06-25', 'Torpport', 'Trinidad and Tobago', 5, '1978-10-19 07:12:32', '1970-08-19 09:54:19');
INSERT INTO `profiles` (`user_id`, `birthdate`, `city`, `country`, `photo_id`, `created_at`, `updated_at`) VALUES (109, '2011-06-09', 'Juliestad', 'Mayotte', 6, '2011-04-09 23:25:13', '2013-07-10 15:07:32');
INSERT INTO `profiles` (`user_id`, `birthdate`, `city`, `country`, `photo_id`, `created_at`, `updated_at`) VALUES (110, '2013-10-01', 'West Alanaview', 'Thailand', 7, '2014-06-14 08:02:26', '2018-09-15 19:21:06');
INSERT INTO `profiles` (`user_id`, `birthdate`, `city`, `country`, `photo_id`, `created_at`, `updated_at`) VALUES (111, '1974-01-16', 'New Rayburgh', 'Saint Vincent and the Grenadines', 8, '2018-01-11 23:00:18', '2010-12-17 12:21:45');
INSERT INTO `profiles` (`user_id`, `birthdate`, `city`, `country`, `photo_id`, `created_at`, `updated_at`) VALUES (112, '2005-02-23', 'Port Theodore', 'Argentina', 9, '2003-09-07 10:25:01', '2016-12-22 22:40:35');
INSERT INTO `profiles` (`user_id`, `birthdate`, `city`, `country`, `photo_id`, `created_at`, `updated_at`) VALUES (113, '2006-03-26', 'Bashirianstad', 'Congo', 10, '2013-07-13 18:25:53', '1979-05-18 00:10:59');
INSERT INTO `profiles` (`user_id`, `birthdate`, `city`, `country`, `photo_id`, `created_at`, `updated_at`) VALUES (115, '2003-07-18', 'Montemouth', 'Iraq', 11, '1978-12-10 07:46:18', '1982-11-07 18:20:55');
INSERT INTO `profiles` (`user_id`, `birthdate`, `city`, `country`, `photo_id`, `created_at`, `updated_at`) VALUES (116, '1971-06-04', 'West Isidrofort', 'Chile', 12, '1985-04-09 07:39:39', '2009-01-27 16:18:23');
INSERT INTO `profiles` (`user_id`, `birthdate`, `city`, `country`, `photo_id`, `created_at`, `updated_at`) VALUES (117, '1975-11-27', 'Aubreeside', 'Pakistan', 13, '1975-06-21 10:22:15', '2002-01-07 23:12:15');
INSERT INTO `profiles` (`user_id`, `birthdate`, `city`, `country`, `photo_id`, `created_at`, `updated_at`) VALUES (120, '1997-11-13', 'Koelpinmouth', 'Slovenia', 14, '2001-12-03 22:14:43', '2009-01-07 20:07:56');
INSERT INTO `profiles` (`user_id`, `birthdate`, `city`, `country`, `photo_id`, `created_at`, `updated_at`) VALUES (121, '1975-06-07', 'West Kathlyn', 'Rwanda', 15, '1995-10-07 03:09:23', '1984-10-24 06:38:05');
INSERT INTO `profiles` (`user_id`, `birthdate`, `city`, `country`, `photo_id`, `created_at`, `updated_at`) VALUES (123, '2016-05-04', 'Aubreyfort', 'Pakistan', 16, '1995-09-07 04:37:07', '1982-04-23 18:27:25');
INSERT INTO `profiles` (`user_id`, `birthdate`, `city`, `country`, `photo_id`, `created_at`, `updated_at`) VALUES (126, '1997-10-09', 'Mattieborough', 'Bahamas', 17, '1974-09-12 07:29:44', '1998-10-19 19:04:58');
INSERT INTO `profiles` (`user_id`, `birthdate`, `city`, `country`, `photo_id`, `created_at`, `updated_at`) VALUES (129, '2018-12-24', 'West Mariane', 'Mexico', 18, '1995-07-31 18:56:31', '1997-10-01 15:00:26');
INSERT INTO `profiles` (`user_id`, `birthdate`, `city`, `country`, `photo_id`, `created_at`, `updated_at`) VALUES (130, '1981-04-28', 'Lake Meghanville', 'Spain', 19, '2003-12-27 19:37:38', '1970-06-02 14:20:41');
INSERT INTO `profiles` (`user_id`, `birthdate`, `city`, `country`, `photo_id`, `created_at`, `updated_at`) VALUES (131, '1986-04-01', 'West Telly', 'Georgia', 20, '2003-04-16 21:39:29', '2012-08-09 07:22:08');
INSERT INTO `profiles` (`user_id`, `birthdate`, `city`, `country`, `photo_id`, `created_at`, `updated_at`) VALUES (132, '2004-07-03', 'Muhammadfort', 'Turkmenistan', 21, '1996-12-19 09:32:49', '2012-11-10 04:11:09');
INSERT INTO `profiles` (`user_id`, `birthdate`, `city`, `country`, `photo_id`, `created_at`, `updated_at`) VALUES (134, '1975-10-17', 'Port Giovanni', 'Romania', 22, '1972-11-03 23:21:15', '2015-10-29 15:09:23');
INSERT INTO `profiles` (`user_id`, `birthdate`, `city`, `country`, `photo_id`, `created_at`, `updated_at`) VALUES (135, '1973-05-16', 'North Lourdesport', 'Dominican Republic', 23, '2012-06-04 13:00:05', '1976-09-14 10:52:34');
INSERT INTO `profiles` (`user_id`, `birthdate`, `city`, `country`, `photo_id`, `created_at`, `updated_at`) VALUES (136, '1988-04-03', 'Newtonmouth', 'Canada', 24, '2018-01-25 03:03:24', '2014-05-02 15:59:09');
INSERT INTO `profiles` (`user_id`, `birthdate`, `city`, `country`, `photo_id`, `created_at`, `updated_at`) VALUES (137, '1974-09-18', 'Kuhlmantown', 'Nepal', 25, '1993-07-15 12:38:05', '1981-03-13 15:57:40');
INSERT INTO `profiles` (`user_id`, `birthdate`, `city`, `country`, `photo_id`, `created_at`, `updated_at`) VALUES (138, '1973-01-23', 'Port Oswaldfurt', 'Spain', 26, '2005-01-06 02:40:38', '2017-10-05 17:49:21');
INSERT INTO `profiles` (`user_id`, `birthdate`, `city`, `country`, `photo_id`, `created_at`, `updated_at`) VALUES (139, '2006-08-19', 'North Sarah', 'Morocco', 27, '1982-08-03 10:34:09', '2014-03-25 09:58:34');
INSERT INTO `profiles` (`user_id`, `birthdate`, `city`, `country`, `photo_id`, `created_at`, `updated_at`) VALUES (141, '1986-09-25', 'North Reid', 'Saint Helena', 28, '1970-06-02 19:21:14', '1972-03-20 13:09:06');
INSERT INTO `profiles` (`user_id`, `birthdate`, `city`, `country`, `photo_id`, `created_at`, `updated_at`) VALUES (142, '1988-02-15', 'West Sheaview', 'South Africa', 29, '2003-03-16 01:38:40', '2010-02-24 01:44:47');
INSERT INTO `profiles` (`user_id`, `birthdate`, `city`, `country`, `photo_id`, `created_at`, `updated_at`) VALUES (143, '2010-02-17', 'Lake Codyview', 'Indonesia', 30, '1976-05-01 05:46:34', '2006-05-12 15:48:28');
INSERT INTO `profiles` (`user_id`, `birthdate`, `city`, `country`, `photo_id`, `created_at`, `updated_at`) VALUES (147, '2006-05-31', 'East Lyla', 'Brunei Darussalam', 31, '2007-09-12 13:43:03', '1989-06-16 07:32:20');
INSERT INTO `profiles` (`user_id`, `birthdate`, `city`, `country`, `photo_id`, `created_at`, `updated_at`) VALUES (148, '1983-07-29', 'New Letitia', 'Singapore', 32, '1988-06-16 02:29:34', '2015-01-22 07:49:41');
INSERT INTO `profiles` (`user_id`, `birthdate`, `city`, `country`, `photo_id`, `created_at`, `updated_at`) VALUES (149, '1976-09-18', 'West Buster', 'Peru', 33, '2009-08-19 01:31:08', '2007-08-19 14:43:27');
INSERT INTO `profiles` (`user_id`, `birthdate`, `city`, `country`, `photo_id`, `created_at`, `updated_at`) VALUES (151, '1980-04-13', 'Port Jaida', 'Hungary', 34, '2009-02-28 20:20:43', '2019-10-14 03:12:49');
INSERT INTO `profiles` (`user_id`, `birthdate`, `city`, `country`, `photo_id`, `created_at`, `updated_at`) VALUES (152, '1985-03-01', 'Tressietown', 'Uruguay', 35, '1977-03-02 12:44:20', '2010-03-21 18:47:38');
INSERT INTO `profiles` (`user_id`, `birthdate`, `city`, `country`, `photo_id`, `created_at`, `updated_at`) VALUES (153, '2007-08-16', 'West Lauraborough', 'El Salvador', 36, '1980-06-23 15:12:42', '1981-12-15 22:36:08');
INSERT INTO `profiles` (`user_id`, `birthdate`, `city`, `country`, `photo_id`, `created_at`, `updated_at`) VALUES (155, '1994-11-26', 'Lake Willie', 'Greece', 37, '2011-03-24 11:22:46', '2012-01-16 17:40:39');
INSERT INTO `profiles` (`user_id`, `birthdate`, `city`, `country`, `photo_id`, `created_at`, `updated_at`) VALUES (159, '1984-12-22', 'Elodychester', 'Guam', 38, '1972-03-22 14:05:16', '1979-01-21 21:09:44');
INSERT INTO `profiles` (`user_id`, `birthdate`, `city`, `country`, `photo_id`, `created_at`, `updated_at`) VALUES (160, '1987-09-08', 'Abshirefort', 'Cayman Islands', 39, '1996-05-15 04:29:12', '1982-01-22 10:03:31');
INSERT INTO `profiles` (`user_id`, `birthdate`, `city`, `country`, `photo_id`, `created_at`, `updated_at`) VALUES (161, '1979-10-02', 'Port Callieville', 'Brazil', 40, '2019-03-16 11:24:36', '2018-07-11 19:12:03');
INSERT INTO `profiles` (`user_id`, `birthdate`, `city`, `country`, `photo_id`, `created_at`, `updated_at`) VALUES (164, '1978-02-27', 'Bernitamouth', 'Togo', 41, '1977-12-13 04:07:58', '1991-01-04 09:46:32');
INSERT INTO `profiles` (`user_id`, `birthdate`, `city`, `country`, `photo_id`, `created_at`, `updated_at`) VALUES (168, '1975-02-01', 'Gottliebview', 'Papua New Guinea', 42, '1976-02-09 10:16:59', '1972-06-23 09:05:19');
INSERT INTO `profiles` (`user_id`, `birthdate`, `city`, `country`, `photo_id`, `created_at`, `updated_at`) VALUES (169, '1986-02-06', 'Dibbertstad', 'Marshall Islands', 43, '1992-08-02 23:04:57', '1972-05-23 15:47:22');
INSERT INTO `profiles` (`user_id`, `birthdate`, `city`, `country`, `photo_id`, `created_at`, `updated_at`) VALUES (170, '1987-01-01', 'East Nelschester', 'Tonga', 44, '2018-04-01 03:43:13', '1989-08-12 09:18:34');
INSERT INTO `profiles` (`user_id`, `birthdate`, `city`, `country`, `photo_id`, `created_at`, `updated_at`) VALUES (171, '2017-11-12', 'Adamschester', 'Nauru', 45, '2000-09-19 05:21:17', '1981-07-23 07:31:50');
INSERT INTO `profiles` (`user_id`, `birthdate`, `city`, `country`, `photo_id`, `created_at`, `updated_at`) VALUES (175, '1992-08-31', 'East Tobinside', 'Belarus', 46, '2017-01-18 06:54:56', '2004-05-24 20:50:54');
INSERT INTO `profiles` (`user_id`, `birthdate`, `city`, `country`, `photo_id`, `created_at`, `updated_at`) VALUES (176, '1995-01-23', 'North Antone', 'Norfolk Island', 47, '1985-08-05 09:09:25', '1981-10-13 11:14:42');
INSERT INTO `profiles` (`user_id`, `birthdate`, `city`, `country`, `photo_id`, `created_at`, `updated_at`) VALUES (177, '1970-04-09', 'West Keshawnhaven', 'Myanmar', 48, '1984-09-06 12:26:30', '2007-08-09 12:57:59');
INSERT INTO `profiles` (`user_id`, `birthdate`, `city`, `country`, `photo_id`, `created_at`, `updated_at`) VALUES (179, '1991-08-10', 'Lake Garfield', 'Nauru', 49, '1995-03-27 16:07:54', '1980-04-22 13:54:24');
INSERT INTO `profiles` (`user_id`, `birthdate`, `city`, `country`, `photo_id`, `created_at`, `updated_at`) VALUES (180, '2000-10-03', 'West Archibald', 'Algeria', 50, '1970-09-27 06:34:39', '2012-08-04 12:18:08');
INSERT INTO `profiles` (`user_id`, `birthdate`, `city`, `country`, `photo_id`, `created_at`, `updated_at`) VALUES (183, '2011-09-18', 'New Irwinmouth', 'Aruba', 1, '1999-10-02 17:51:45', '1985-06-21 17:20:00');
INSERT INTO `profiles` (`user_id`, `birthdate`, `city`, `country`, `photo_id`, `created_at`, `updated_at`) VALUES (184, '1979-04-17', 'Markusfurt', 'Turkmenistan', 2, '2004-08-28 17:19:17', '1991-04-05 02:12:32');
INSERT INTO `profiles` (`user_id`, `birthdate`, `city`, `country`, `photo_id`, `created_at`, `updated_at`) VALUES (185, '2005-06-25', 'Willstad', 'Micronesia', 3, '1979-10-29 05:10:45', '1979-07-20 07:07:29');
INSERT INTO `profiles` (`user_id`, `birthdate`, `city`, `country`, `photo_id`, `created_at`, `updated_at`) VALUES (186, '1983-09-18', 'Port Madelynn', 'Guatemala', 4, '1980-08-30 00:33:47', '1992-07-06 14:06:35');
INSERT INTO `profiles` (`user_id`, `birthdate`, `city`, `country`, `photo_id`, `created_at`, `updated_at`) VALUES (187, '2013-09-28', 'Moenbury', 'Germany', 5, '2008-07-15 06:29:08', '1982-06-18 14:35:36');
INSERT INTO `profiles` (`user_id`, `birthdate`, `city`, `country`, `photo_id`, `created_at`, `updated_at`) VALUES (189, '1975-08-11', 'East Joanyfurt', 'Nauru', 6, '1971-06-21 19:22:31', '2018-07-17 21:18:08');
INSERT INTO `profiles` (`user_id`, `birthdate`, `city`, `country`, `photo_id`, `created_at`, `updated_at`) VALUES (192, '1995-05-13', 'Port Domenicshire', 'Afghanistan', 7, '1971-04-12 00:56:09', '2005-05-04 08:33:15');
INSERT INTO `profiles` (`user_id`, `birthdate`, `city`, `country`, `photo_id`, `created_at`, `updated_at`) VALUES (193, '1984-05-10', 'Bransonland', 'Philippines', 8, '1973-01-10 23:44:24', '2015-06-25 01:22:01');
INSERT INTO `profiles` (`user_id`, `birthdate`, `city`, `country`, `photo_id`, `created_at`, `updated_at`) VALUES (194, '2017-03-09', 'North Murl', 'Ireland', 9, '2002-11-15 02:09:43', '1972-08-15 16:20:52');
INSERT INTO `profiles` (`user_id`, `birthdate`, `city`, `country`, `photo_id`, `created_at`, `updated_at`) VALUES (195, '1998-10-29', 'Smithamfurt', 'Panama', 10, '1976-03-21 05:04:08', '1996-03-13 05:14:31');
INSERT INTO `profiles` (`user_id`, `birthdate`, `city`, `country`, `photo_id`, `created_at`, `updated_at`) VALUES (196, '1993-03-27', 'Karsonshire', 'Solomon Islands', 11, '2011-09-11 12:19:42', '2007-06-29 02:27:08');
INSERT INTO `profiles` (`user_id`, `birthdate`, `city`, `country`, `photo_id`, `created_at`, `updated_at`) VALUES (197, '1982-07-25', 'Alexton', 'Bahrain', 12, '2015-09-24 19:41:17', '1992-05-09 12:57:50');
INSERT INTO `profiles` (`user_id`, `birthdate`, `city`, `country`, `photo_id`, `created_at`, `updated_at`) VALUES (101, '1991-06-06', 'Kozeytown', 'Isle of Man', 13, '1985-04-15 04:51:07', '1975-03-11 17:50:42');
INSERT INTO `profiles` (`user_id`, `birthdate`, `city`, `country`, `photo_id`, `created_at`, `updated_at`) VALUES (102, '2009-09-18', 'Cartwrightstad', 'Guatemala', 14, '2013-06-27 02:33:15', '2014-04-25 02:37:11');
INSERT INTO `profiles` (`user_id`, `birthdate`, `city`, `country`, `photo_id`, `created_at`, `updated_at`) VALUES (106, '1995-07-10', 'Kshlerinfort', 'Botswana', 15, '1974-06-20 12:59:26', '2007-01-22 03:58:11');
INSERT INTO `profiles` (`user_id`, `birthdate`, `city`, `country`, `photo_id`, `created_at`, `updated_at`) VALUES (107, '2005-11-11', 'Auermouth', 'Aruba', 16, '2000-06-14 23:52:47', '2013-11-12 04:54:41');
INSERT INTO `profiles` (`user_id`, `birthdate`, `city`, `country`, `photo_id`, `created_at`, `updated_at`) VALUES (108, '2014-02-08', 'East Gwen', 'Ireland', 17, '1981-09-30 19:41:01', '1982-07-25 08:42:08');
INSERT INTO `profiles` (`user_id`, `birthdate`, `city`, `country`, `photo_id`, `created_at`, `updated_at`) VALUES (109, '1978-07-23', 'East Sabrynabury', 'Kazakhstan', 18, '2016-11-08 17:15:44', '1970-05-27 18:37:11');
INSERT INTO `profiles` (`user_id`, `birthdate`, `city`, `country`, `photo_id`, `created_at`, `updated_at`) VALUES (110, '2017-12-16', 'Wardfort', 'Guatemala', 19, '2000-07-23 16:55:58', '1970-06-24 21:49:48');
INSERT INTO `profiles` (`user_id`, `birthdate`, `city`, `country`, `photo_id`, `created_at`, `updated_at`) VALUES (111, '2006-08-21', 'West Nelle', 'Holy See (Vatican City State)', 20, '1992-09-28 00:27:43', '1984-07-05 13:38:41');
INSERT INTO `profiles` (`user_id`, `birthdate`, `city`, `country`, `photo_id`, `created_at`, `updated_at`) VALUES (112, '1973-03-11', 'Arnoldfort', 'Barbados', 21, '1975-08-13 16:58:58', '1985-04-02 12:49:51');
INSERT INTO `profiles` (`user_id`, `birthdate`, `city`, `country`, `photo_id`, `created_at`, `updated_at`) VALUES (113, '2002-06-13', 'Pattiestad', 'Bouvet Island (Bouvetoya)', 22, '1984-01-24 17:11:41', '1986-05-14 19:23:29');
INSERT INTO `profiles` (`user_id`, `birthdate`, `city`, `country`, `photo_id`, `created_at`, `updated_at`) VALUES (115, '1973-07-30', 'Lake Andersonton', 'Mauritania', 23, '1980-04-12 12:29:01', '2005-10-26 23:22:54');
INSERT INTO `profiles` (`user_id`, `birthdate`, `city`, `country`, `photo_id`, `created_at`, `updated_at`) VALUES (116, '2012-02-04', 'Greenfelderton', 'Chad', 24, '2015-03-20 11:00:55', '2000-02-22 08:33:39');
INSERT INTO `profiles` (`user_id`, `birthdate`, `city`, `country`, `photo_id`, `created_at`, `updated_at`) VALUES (117, '1985-10-16', 'Luisaland', 'Mexico', 25, '2003-11-13 18:53:48', '2008-11-03 01:34:22');
INSERT INTO `profiles` (`user_id`, `birthdate`, `city`, `country`, `photo_id`, `created_at`, `updated_at`) VALUES (120, '2009-05-07', 'New Mohammed', 'Macedonia', 26, '2003-07-14 11:47:05', '2008-12-05 20:53:11');
INSERT INTO `profiles` (`user_id`, `birthdate`, `city`, `country`, `photo_id`, `created_at`, `updated_at`) VALUES (121, '2005-11-29', 'Mooreville', 'Tanzania', 27, '2015-01-19 06:16:38', '2003-04-21 21:56:23');
INSERT INTO `profiles` (`user_id`, `birthdate`, `city`, `country`, `photo_id`, `created_at`, `updated_at`) VALUES (123, '1982-03-06', 'South Antwonfurt', 'Andorra', 28, '1990-03-05 08:17:58', '1992-09-19 23:42:36');
INSERT INTO `profiles` (`user_id`, `birthdate`, `city`, `country`, `photo_id`, `created_at`, `updated_at`) VALUES (126, '1988-08-28', 'West Odell', 'Lesotho', 29, '1973-05-02 12:06:33', '1991-01-19 19:47:06');
INSERT INTO `profiles` (`user_id`, `birthdate`, `city`, `country`, `photo_id`, `created_at`, `updated_at`) VALUES (129, '2009-03-30', 'West Mackville', 'Zambia', 30, '1986-09-19 18:07:28', '1976-09-13 09:12:13');
INSERT INTO `profiles` (`user_id`, `birthdate`, `city`, `country`, `photo_id`, `created_at`, `updated_at`) VALUES (130, '2010-08-31', 'East Hadley', 'Austria', 31, '1975-09-18 06:09:30', '1997-03-10 21:57:43');
INSERT INTO `profiles` (`user_id`, `birthdate`, `city`, `country`, `photo_id`, `created_at`, `updated_at`) VALUES (131, '1997-03-24', 'Dinafort', 'Tonga', 32, '1987-04-21 10:18:41', '1974-01-29 17:47:10');
INSERT INTO `profiles` (`user_id`, `birthdate`, `city`, `country`, `photo_id`, `created_at`, `updated_at`) VALUES (132, '2009-09-18', 'East Caroleland', 'Western Sahara', 33, '1975-06-13 08:48:29', '2011-12-02 23:18:36');
INSERT INTO `profiles` (`user_id`, `birthdate`, `city`, `country`, `photo_id`, `created_at`, `updated_at`) VALUES (134, '2002-05-12', 'North Gregorybury', 'Sudan', 34, '1978-08-19 05:32:54', '1980-03-28 02:15:06');
INSERT INTO `profiles` (`user_id`, `birthdate`, `city`, `country`, `photo_id`, `created_at`, `updated_at`) VALUES (135, '2006-01-04', 'West Audra', 'Portugal', 35, '1985-12-02 14:15:41', '1977-04-23 05:22:50');
INSERT INTO `profiles` (`user_id`, `birthdate`, `city`, `country`, `photo_id`, `created_at`, `updated_at`) VALUES (136, '1990-09-26', 'Lake Dimitrihaven', 'New Zealand', 36, '2014-09-07 19:51:34', '1985-01-26 19:15:37');
INSERT INTO `profiles` (`user_id`, `birthdate`, `city`, `country`, `photo_id`, `created_at`, `updated_at`) VALUES (137, '1977-06-26', 'East Janet', 'Equatorial Guinea', 37, '1996-12-01 08:51:54', '1980-04-19 23:04:18');
INSERT INTO `profiles` (`user_id`, `birthdate`, `city`, `country`, `photo_id`, `created_at`, `updated_at`) VALUES (138, '1993-02-25', 'North Aliza', 'Poland', 38, '2019-02-22 13:36:18', '1992-12-24 17:46:53');
INSERT INTO `profiles` (`user_id`, `birthdate`, `city`, `country`, `photo_id`, `created_at`, `updated_at`) VALUES (139, '2013-02-25', 'South Wardmouth', 'Serbia', 39, '2014-03-17 13:04:23', '2019-04-22 07:27:15');
INSERT INTO `profiles` (`user_id`, `birthdate`, `city`, `country`, `photo_id`, `created_at`, `updated_at`) VALUES (141, '1990-01-12', 'North Rory', 'United Arab Emirates', 40, '2010-01-04 23:28:34', '1991-09-15 21:53:25');
INSERT INTO `profiles` (`user_id`, `birthdate`, `city`, `country`, `photo_id`, `created_at`, `updated_at`) VALUES (142, '1996-12-09', 'North Thorafurt', 'Switzerland', 41, '1998-12-05 23:00:08', '1970-04-14 14:14:06');
INSERT INTO `profiles` (`user_id`, `birthdate`, `city`, `country`, `photo_id`, `created_at`, `updated_at`) VALUES (143, '2014-02-09', 'Schillerport', 'Tajikistan', 42, '1984-04-26 06:01:03', '2000-11-08 09:26:29');
INSERT INTO `profiles` (`user_id`, `birthdate`, `city`, `country`, `photo_id`, `created_at`, `updated_at`) VALUES (147, '1996-03-23', 'Bodefort', 'Canada', 43, '1993-07-04 14:33:09', '1993-08-04 08:37:10');
INSERT INTO `profiles` (`user_id`, `birthdate`, `city`, `country`, `photo_id`, `created_at`, `updated_at`) VALUES (148, '1982-06-08', 'New Malvinamouth', 'Gambia', 44, '1977-07-11 17:02:54', '2009-04-04 23:59:31');
INSERT INTO `profiles` (`user_id`, `birthdate`, `city`, `country`, `photo_id`, `created_at`, `updated_at`) VALUES (149, '1999-03-24', 'North Tatumberg', 'Niger', 45, '1985-08-07 01:28:47', '1985-12-05 23:47:16');
INSERT INTO `profiles` (`user_id`, `birthdate`, `city`, `country`, `photo_id`, `created_at`, `updated_at`) VALUES (151, '1998-05-28', 'Schadenton', 'Guadeloupe', 46, '1977-04-20 00:38:57', '2006-11-09 17:07:21');
INSERT INTO `profiles` (`user_id`, `birthdate`, `city`, `country`, `photo_id`, `created_at`, `updated_at`) VALUES (152, '1982-05-25', 'Lake Justina', 'Barbados', 47, '2004-10-05 09:39:46', '1977-04-14 12:47:43');
INSERT INTO `profiles` (`user_id`, `birthdate`, `city`, `country`, `photo_id`, `created_at`, `updated_at`) VALUES (153, '2005-09-17', 'New Ferneberg', 'Thailand', 48, '1980-03-19 23:28:32', '2005-04-22 04:23:45');
INSERT INTO `profiles` (`user_id`, `birthdate`, `city`, `country`, `photo_id`, `created_at`, `updated_at`) VALUES (155, '1991-05-19', 'South Karinaborough', 'Palestinian Territory', 49, '2009-01-23 07:21:55', '2020-01-06 16:34:05');
INSERT INTO `profiles` (`user_id`, `birthdate`, `city`, `country`, `photo_id`, `created_at`, `updated_at`) VALUES (159, '1992-07-10', 'Emilyton', 'Samoa', 50, '2005-01-29 00:17:39', '1994-06-17 17:18:26');


#
# TABLE STRUCTURE FOR: users
#

DROP TABLE IF EXISTS `users`;

CREATE TABLE `users` (
  `id` int(10) unsigned NOT NULL AUTO_INCREMENT,
  `first_name` varchar(50) COLLATE utf8_unicode_ci NOT NULL,
  `surname` varchar(50) COLLATE utf8_unicode_ci NOT NULL,
  `phone_number` int(25) unsigned NOT NULL,
  `email` varchar(255) COLLATE utf8_unicode_ci NOT NULL,
  `birthday` date DEFAULT NULL,
  PRIMARY KEY (`id`),
  UNIQUE KEY `phone_number` (`phone_number`),
  UNIQUE KEY `email` (`email`)
) ENGINE=InnoDB AUTO_INCREMENT=201 DEFAULT CHARSET=utf8 COLLATE=utf8_unicode_ci;

INSERT INTO `users` (`id`, `first_name`, `surname`, `phone_number`, `email`, `birthday`) VALUES (101, 'Pink', 'Goodwin', 1, 'kcummings@example.com', '1971-10-26');
INSERT INTO `users` (`id`, `first_name`, `surname`, `phone_number`, `email`, `birthday`) VALUES (102, 'Noble', 'Cronin', 402736, 'xrunolfsdottir@example.com', '1993-10-18');
INSERT INTO `users` (`id`, `first_name`, `surname`, `phone_number`, `email`, `birthday`) VALUES (106, 'Jakob', 'Langworth', 0, 'cconn@example.org', '2002-03-31');
INSERT INTO `users` (`id`, `first_name`, `surname`, `phone_number`, `email`, `birthday`) VALUES (107, 'Mariam', 'Bartell', 953, 'norene89@example.org', '1997-11-22');
INSERT INTO `users` (`id`, `first_name`, `surname`, `phone_number`, `email`, `birthday`) VALUES (108, 'Rebeka', 'Roberts', 326, 'jerad34@example.com', '1972-06-25');
INSERT INTO `users` (`id`, `first_name`, `surname`, `phone_number`, `email`, `birthday`) VALUES (109, 'Christophe', 'Pfannerstill', 652, 'gene82@example.org', '2015-05-19');
INSERT INTO `users` (`id`, `first_name`, `surname`, `phone_number`, `email`, `birthday`) VALUES (110, 'Lexi', 'Haag', 933, 'leopoldo48@example.net', '1977-03-26');
INSERT INTO `users` (`id`, `first_name`, `surname`, `phone_number`, `email`, `birthday`) VALUES (111, 'Elmore', 'Kunze', 179, 'bogisich.theron@example.org', '1980-05-06');
INSERT INTO `users` (`id`, `first_name`, `surname`, `phone_number`, `email`, `birthday`) VALUES (112, 'Ezequiel', 'Rosenbaum', 832, 'schinner.alexandre@example.org', '2019-10-27');
INSERT INTO `users` (`id`, `first_name`, `surname`, `phone_number`, `email`, `birthday`) VALUES (113, 'Tommie', 'Johnston', 393, 'arogahn@example.com', '1982-10-15');
INSERT INTO `users` (`id`, `first_name`, `surname`, `phone_number`, `email`, `birthday`) VALUES (115, 'Felipe', 'Harris', 40, 'stephania23@example.net', '1991-03-02');
INSERT INTO `users` (`id`, `first_name`, `surname`, `phone_number`, `email`, `birthday`) VALUES (116, 'Dorthy', 'Mohr', 318230, 'aturner@example.org', '1999-01-30');
INSERT INTO `users` (`id`, `first_name`, `surname`, `phone_number`, `email`, `birthday`) VALUES (117, 'Rex', 'Conn', 983412, 'levi.haag@example.net', '2012-08-25');
INSERT INTO `users` (`id`, `first_name`, `surname`, `phone_number`, `email`, `birthday`) VALUES (120, 'Althea', 'Paucek', 37, 'anabelle56@example.net', '2008-07-04');
INSERT INTO `users` (`id`, `first_name`, `surname`, `phone_number`, `email`, `birthday`) VALUES (121, 'Jesse', 'Brekke', 790564, 'johns.michael@example.com', '1985-11-22');
INSERT INTO `users` (`id`, `first_name`, `surname`, `phone_number`, `email`, `birthday`) VALUES (123, 'Cade', 'Stamm', 77, 'tschinner@example.net', '1974-06-25');
INSERT INTO `users` (`id`, `first_name`, `surname`, `phone_number`, `email`, `birthday`) VALUES (126, 'Electa', 'Hand', 867043, 'jerde.claire@example.net', '1987-07-16');
INSERT INTO `users` (`id`, `first_name`, `surname`, `phone_number`, `email`, `birthday`) VALUES (129, 'Roderick', 'Predovic', 106, 'breanna.boyle@example.org', '1974-07-02');
INSERT INTO `users` (`id`, `first_name`, `surname`, `phone_number`, `email`, `birthday`) VALUES (130, 'Mallie', 'Willms', 16, 'charlene.klocko@example.net', '2012-02-01');
INSERT INTO `users` (`id`, `first_name`, `surname`, `phone_number`, `email`, `birthday`) VALUES (131, 'Marta', 'Pfeffer', 715, 'ilowe@example.com', '1991-03-21');
INSERT INTO `users` (`id`, `first_name`, `surname`, `phone_number`, `email`, `birthday`) VALUES (132, 'Hardy', 'Koch', 289109, 'grace.will@example.org', '1993-10-31');
INSERT INTO `users` (`id`, `first_name`, `surname`, `phone_number`, `email`, `birthday`) VALUES (134, 'Jamar', 'Howe', 682, 'schimmel.edison@example.net', '2007-03-18');
INSERT INTO `users` (`id`, `first_name`, `surname`, `phone_number`, `email`, `birthday`) VALUES (135, 'Elyse', 'Russel', 419, 'lesch.stephany@example.net', '1985-12-27');
INSERT INTO `users` (`id`, `first_name`, `surname`, `phone_number`, `email`, `birthday`) VALUES (136, 'Litzy', 'Parisian', 290, 'schuppe.imani@example.net', '1972-09-24');
INSERT INTO `users` (`id`, `first_name`, `surname`, `phone_number`, `email`, `birthday`) VALUES (137, 'Delmer', 'Russel', 198, 'freinger@example.com', '1971-07-08');
INSERT INTO `users` (`id`, `first_name`, `surname`, `phone_number`, `email`, `birthday`) VALUES (138, 'Darrell', 'Schowalter', 426587, 'jschamberger@example.net', '2009-01-05');
INSERT INTO `users` (`id`, `first_name`, `surname`, `phone_number`, `email`, `birthday`) VALUES (139, 'Jorge', 'Leuschke', 55, 'roberto24@example.org', '1993-11-15');
INSERT INTO `users` (`id`, `first_name`, `surname`, `phone_number`, `email`, `birthday`) VALUES (141, 'Celia', 'Schultz', 249075, 'abdiel60@example.com', '1997-04-21');
INSERT INTO `users` (`id`, `first_name`, `surname`, `phone_number`, `email`, `birthday`) VALUES (142, 'Vince', 'Gerlach', 26461, 'koepp.stone@example.org', '1995-05-30');
INSERT INTO `users` (`id`, `first_name`, `surname`, `phone_number`, `email`, `birthday`) VALUES (143, 'Marcia', 'Kirlin', 4294967295, 'nicklaus.swift@example.com', '1976-05-18');
INSERT INTO `users` (`id`, `first_name`, `surname`, `phone_number`, `email`, `birthday`) VALUES (147, 'Ophelia', 'Emmerich', 2940531068, 'emerson.heaney@example.net', '1975-12-20');
INSERT INTO `users` (`id`, `first_name`, `surname`, `phone_number`, `email`, `birthday`) VALUES (148, 'Nestor', 'Von', 53, 'sabina96@example.net', '2007-01-28');
INSERT INTO `users` (`id`, `first_name`, `surname`, `phone_number`, `email`, `birthday`) VALUES (149, 'Vernon', 'Miller', 776, 'clark85@example.net', '2006-05-26');
INSERT INTO `users` (`id`, `first_name`, `surname`, `phone_number`, `email`, `birthday`) VALUES (151, 'Will', 'Gerhold', 139597, 'azulauf@example.com', '2018-11-28');
INSERT INTO `users` (`id`, `first_name`, `surname`, `phone_number`, `email`, `birthday`) VALUES (152, 'Joanne', 'Parker', 343162, 'ecassin@example.com', '2006-03-19');
INSERT INTO `users` (`id`, `first_name`, `surname`, `phone_number`, `email`, `birthday`) VALUES (153, 'Emmanuelle', 'Kuvalis', 602321, 'pierce.legros@example.com', '1988-11-25');
INSERT INTO `users` (`id`, `first_name`, `surname`, `phone_number`, `email`, `birthday`) VALUES (155, 'Frida', 'Fritsch', 348, 'rsporer@example.net', '2017-11-30');
INSERT INTO `users` (`id`, `first_name`, `surname`, `phone_number`, `email`, `birthday`) VALUES (159, 'Uriel', 'Murphy', 812075, 'uo\'keefe@example.com', '1981-02-17');
INSERT INTO `users` (`id`, `first_name`, `surname`, `phone_number`, `email`, `birthday`) VALUES (160, 'Moses', 'Schumm', 99, 'erika54@example.org', '2009-08-15');
INSERT INTO `users` (`id`, `first_name`, `surname`, `phone_number`, `email`, `birthday`) VALUES (161, 'Reuben', 'Cruickshank', 35, 'schoen.sandrine@example.com', '1996-06-16');
INSERT INTO `users` (`id`, `first_name`, `surname`, `phone_number`, `email`, `birthday`) VALUES (164, 'Jamir', 'Haley', 629993725, 'cmclaughlin@example.net', '1970-06-09');
INSERT INTO `users` (`id`, `first_name`, `surname`, `phone_number`, `email`, `birthday`) VALUES (168, 'Gilberto', 'Price', 39774, 'mzulauf@example.org', '1994-05-08');
INSERT INTO `users` (`id`, `first_name`, `surname`, `phone_number`, `email`, `birthday`) VALUES (169, 'Carlos', 'Zulauf', 973, 'harvey.osbaldo@example.com', '1992-12-02');
INSERT INTO `users` (`id`, `first_name`, `surname`, `phone_number`, `email`, `birthday`) VALUES (170, 'Esta', 'Hilll', 134, 'zgutmann@example.net', '1995-02-16');
INSERT INTO `users` (`id`, `first_name`, `surname`, `phone_number`, `email`, `birthday`) VALUES (171, 'Reuben', 'Pacocha', 421363, 'jaden99@example.net', '1994-02-26');
INSERT INTO `users` (`id`, `first_name`, `surname`, `phone_number`, `email`, `birthday`) VALUES (175, 'Dasia', 'Graham', 828945777, 'owyman@example.com', '1971-09-25');
INSERT INTO `users` (`id`, `first_name`, `surname`, `phone_number`, `email`, `birthday`) VALUES (176, 'Ursula', 'Dooley', 765560, 'lschneider@example.net', '1985-10-16');
INSERT INTO `users` (`id`, `first_name`, `surname`, `phone_number`, `email`, `birthday`) VALUES (177, 'Marcellus', 'Olson', 3, 'o\'conner.maybell@example.org', '1995-02-23');
INSERT INTO `users` (`id`, `first_name`, `surname`, `phone_number`, `email`, `birthday`) VALUES (179, 'Ronny', 'Ratke', 756, 'annie.feest@example.com', '1991-10-28');
INSERT INTO `users` (`id`, `first_name`, `surname`, `phone_number`, `email`, `birthday`) VALUES (180, 'Jared', 'Gibson', 528880, 'trantow.roderick@example.org', '2005-10-17');
INSERT INTO `users` (`id`, `first_name`, `surname`, `phone_number`, `email`, `birthday`) VALUES (183, 'Leola', 'Wehner', 2893113672, 'wilford68@example.org', '1976-11-05');
INSERT INTO `users` (`id`, `first_name`, `surname`, `phone_number`, `email`, `birthday`) VALUES (184, 'Gerry', 'Dibbert', 746, 'teagan21@example.org', '1970-10-18');
INSERT INTO `users` (`id`, `first_name`, `surname`, `phone_number`, `email`, `birthday`) VALUES (185, 'Rosella', 'Kulas', 75, 'anita07@example.com', '1976-07-08');
INSERT INTO `users` (`id`, `first_name`, `surname`, `phone_number`, `email`, `birthday`) VALUES (186, 'Constantin', 'Windler', 3482631783, 'patrick.boyle@example.com', '1990-01-29');
INSERT INTO `users` (`id`, `first_name`, `surname`, `phone_number`, `email`, `birthday`) VALUES (187, 'Isabella', 'Prohaska', 489, 'kohler.ophelia@example.org', '2017-05-06');
INSERT INTO `users` (`id`, `first_name`, `surname`, `phone_number`, `email`, `birthday`) VALUES (189, 'Dedric', 'Jerde', 551, 'amuller@example.com', '1973-06-27');
INSERT INTO `users` (`id`, `first_name`, `surname`, `phone_number`, `email`, `birthday`) VALUES (192, 'Isaias', 'Stiedemann', 927, 'becker.marcos@example.net', '2003-02-07');
INSERT INTO `users` (`id`, `first_name`, `surname`, `phone_number`, `email`, `birthday`) VALUES (193, 'Melany', 'Hahn', 924, 'jarret.altenwerth@example.com', '1979-11-02');
INSERT INTO `users` (`id`, `first_name`, `surname`, `phone_number`, `email`, `birthday`) VALUES (194, 'Cathrine', 'Keeling', 644, 'alysa.o\'keefe@example.net', '1992-08-01');
INSERT INTO `users` (`id`, `first_name`, `surname`, `phone_number`, `email`, `birthday`) VALUES (195, 'Alphonso', 'Lindgren', 95, 'douglas.carmella@example.org', '1986-02-10');
INSERT INTO `users` (`id`, `first_name`, `surname`, `phone_number`, `email`, `birthday`) VALUES (196, 'Alexa', 'Pouros', 829132, 'lonie25@example.net', '1987-04-10');
INSERT INTO `users` (`id`, `first_name`, `surname`, `phone_number`, `email`, `birthday`) VALUES (197, 'Bernadette', 'Harris', 954481, 'kterry@example.com', '2003-11-14');


