-- MySQL dump 10.13  Distrib 8.0.18, for Win64 (x86_64)
--
-- Host: localhost    Database: ib
-- ------------------------------------------------------
-- Server version	8.0.18

/*!40101 SET @OLD_CHARACTER_SET_CLIENT=@@CHARACTER_SET_CLIENT */;
/*!40101 SET @OLD_CHARACTER_SET_RESULTS=@@CHARACTER_SET_RESULTS */;
/*!40101 SET @OLD_COLLATION_CONNECTION=@@COLLATION_CONNECTION */;
/*!50503 SET NAMES utf8mb4 */;
/*!40103 SET @OLD_TIME_ZONE=@@TIME_ZONE */;
/*!40103 SET TIME_ZONE='+00:00' */;
/*!40014 SET @OLD_UNIQUE_CHECKS=@@UNIQUE_CHECKS, UNIQUE_CHECKS=0 */;
/*!40014 SET @OLD_FOREIGN_KEY_CHECKS=@@FOREIGN_KEY_CHECKS, FOREIGN_KEY_CHECKS=0 */;
/*!40101 SET @OLD_SQL_MODE=@@SQL_MODE, SQL_MODE='NO_AUTO_VALUE_ON_ZERO' */;
/*!40111 SET @OLD_SQL_NOTES=@@SQL_NOTES, SQL_NOTES=0 */;

--
-- Table structure for table `cards`
--

DROP TABLE IF EXISTS `cards`;
/*!40101 SET @saved_cs_client     = @@character_set_client */;
/*!50503 SET character_set_client = utf8mb4 */;
CREATE TABLE `cards` (
  `count_id` int(10) unsigned NOT NULL,
  `validaty` date DEFAULT NULL,
  `issuer` char(1) CHARACTER SET utf8 COLLATE utf8_unicode_ci NOT NULL,
  `card_limit` int(10) unsigned DEFAULT NULL,
  `number_card` int(10) unsigned NOT NULL,
  `created_at` datetime DEFAULT CURRENT_TIMESTAMP,
  PRIMARY KEY (`count_id`),
  CONSTRAINT `cards_count_id_fk` FOREIGN KEY (`count_id`) REFERENCES `counts` (`id`)
) ENGINE=InnoDB DEFAULT CHARSET=utf8 COLLATE=utf8_unicode_ci;
/*!40101 SET character_set_client = @saved_cs_client */;

--
-- Dumping data for table `cards`
--

LOCK TABLES `cards` WRITE;
/*!40000 ALTER TABLE `cards` DISABLE KEYS */;
INSERT INTO `cards` VALUES (3001,'1970-07-29','V',1049420,4294967295,'1977-03-17 07:19:13'),(3002,'2017-07-22','M',1049420,4294967295,'2007-05-12 16:18:13'),(3003,'2025-03-04','V',86113987,4294967295,'1982-10-22 02:35:51'),(3004,'1982-04-05','D',1049420,4294967295,'2003-08-05 04:22:16'),(3005,'2025-03-04','V',9597671,4294967295,'1992-11-10 00:03:44'),(3006,'2011-10-18','V',944917984,4294967295,'1971-10-10 20:46:46'),(3007,'2025-03-04','V',1049420,4294967295,'2007-09-18 18:23:48'),(3008,'2025-03-04','V',1049420,4294967295,'2019-11-29 15:07:02'),(3009,'2002-12-17','M',1049420,4294967295,'1977-10-30 21:35:37'),(3010,'2025-03-04','V',297101866,4294967295,'1991-07-12 07:47:31'),(3011,'2025-03-04','D',9597671,4294967295,'1982-01-13 10:37:58'),(3012,'1989-08-30','M',114749787,4294967295,'2012-07-28 16:39:47'),(3013,'2025-03-04','V',890175315,4294967295,'1998-08-13 19:17:18'),(3014,'2025-03-04','A',1049420,4294967295,'1998-12-01 18:02:25'),(3015,'1991-02-28','V',9597671,4294967295,'1985-01-18 17:16:21'),(3016,'1973-05-04','M',1049420,4294967295,'2000-06-27 17:54:42'),(3017,'1982-01-24','V',37605319,4294967295,'2017-11-30 17:59:20'),(3018,'2019-07-06','M',1049420,4294967295,'2011-12-20 23:10:27'),(3019,'1994-10-30','M',83890803,4294967295,'2016-05-15 16:41:27'),(3020,'1992-09-28','A',1049420,4294967295,'2018-08-29 18:59:16'),(3021,'1994-10-10','M',1049420,4294967295,'2003-06-06 14:35:29'),(3022,'2025-03-04','M',9597671,4294967295,'2014-08-24 00:05:14'),(3023,'2013-05-08','A',1049420,4294967295,'2018-12-03 10:04:57'),(3024,'1990-09-27','M',1049420,4294967295,'1988-11-05 07:16:08'),(3025,'1998-10-01','V',1049420,4294967295,'1990-01-09 15:04:33'),(3026,'2025-03-04','V',1049420,4294967295,'2014-10-21 16:25:26'),(3027,'2025-03-04','M',1049420,4294967295,'2012-09-02 17:59:11'),(3028,'1994-10-10','V',1049420,4294967295,'1972-02-26 07:30:10'),(3029,'1989-02-28','V',1049420,4294967295,'1977-01-15 07:22:44'),(3030,'2011-07-15','V',9597671,4294967295,'1970-08-12 00:25:25'),(3031,'1975-02-01','A',1049420,4294967295,'1995-01-19 06:05:01'),(3032,'1994-01-14','A',487448992,4294967295,'2007-11-09 04:31:41'),(3033,'2025-03-04','D',378144246,4294967295,'2008-11-28 02:14:52'),(3034,'2025-03-04','A',1049420,4294967295,'2011-10-05 20:44:21'),(3035,'2025-03-04','V',67951521,4294967295,'2006-04-21 00:22:13'),(3036,'2018-05-25','M',384961246,4294967295,'1980-06-24 23:11:05'),(3037,'1975-04-08','V',1049420,4294967295,'2017-12-23 23:10:44'),(3038,'2025-03-04','M',191611587,4294967295,'1970-04-28 04:16:13'),(3039,'2019-09-18','V',1049420,4294967295,'1998-01-26 13:25:12'),(3040,'1979-10-12','M',1049420,4294967295,'1980-11-23 17:48:08'),(3041,'2004-04-27','D',701383749,4294967295,'1993-12-06 03:36:19'),(3042,'2025-03-04','V',1049420,4294967295,'1991-10-16 16:48:45'),(3043,'2019-09-11','V',97823474,4294967295,'1996-08-07 13:18:41'),(3044,'1973-11-26','M',1049420,4294967295,'1979-09-09 06:50:49'),(3045,'2025-03-04','M',1049420,4294967295,'1972-08-09 10:10:12'),(3046,'2011-04-05','M',1049420,4294967295,'1971-04-11 13:44:53'),(3047,'1971-11-21','M',1049420,4294967295,'1981-07-28 08:08:29'),(3048,'2025-03-04','V',545183350,4294967295,'2016-01-29 17:06:16'),(3049,'2025-03-04','V',9597671,4294967295,'1985-03-22 10:54:48'),(3050,'2025-03-04','D',49273833,4294967295,'2008-11-01 16:09:33'),(3051,'2025-03-04','V',1049420,4294967295,'1979-12-17 13:12:31'),(3052,'2011-02-14','M',9597671,4294967295,'2007-08-20 08:01:48'),(3053,'2000-07-09','M',9597671,4294967295,'2014-03-09 05:30:07'),(3054,'2025-03-04','V',1049420,4294967295,'2018-03-05 23:23:44'),(3055,'2007-01-17','M',1049420,4294967295,'1974-04-25 16:39:35'),(3056,'2025-03-04','V',1049420,4294967295,'1991-12-22 14:15:19'),(3057,'1987-07-31','V',1049420,4294967295,'1978-07-30 13:41:38'),(3058,'2025-03-04','V',1049420,4294967295,'2009-05-18 23:16:04'),(3059,'2025-03-04','M',410017243,4294967295,'1994-01-05 18:18:27'),(3060,'1983-11-09','M',9597671,4294967295,'1995-07-26 01:42:47'),(3061,'2025-03-04','V',1049420,4294967295,'2013-12-29 16:25:37'),(3062,'2025-03-04','V',1049420,4294967295,'2012-05-02 21:12:34'),(3063,'2025-03-04','V',9597671,4294967295,'1989-07-04 21:40:54'),(3064,'2025-03-04','V',1049420,4294967295,'2003-07-20 10:37:16'),(3065,'1992-12-06','A',1049420,4294967295,'1974-11-16 17:44:18'),(3066,'1970-12-28','M',9597671,4294967295,'1994-02-23 17:45:26'),(3067,'1995-11-03','M',1049420,4294967295,'2014-03-18 13:11:18'),(3068,'2025-03-04','V',1049420,4294967295,'1980-02-20 10:06:23'),(3069,'2025-03-04','M',1049420,4294967295,'1995-06-01 05:45:03'),(3070,'2025-03-04','V',1049420,4294967295,'2014-01-29 06:18:47'),(3071,'1985-12-21','V',1049420,4294967295,'1986-11-10 00:10:59'),(3072,'2025-03-04','A',1049420,4294967295,'1994-07-20 10:51:39'),(3073,'2025-03-04','V',9597671,4294967295,'1989-09-16 22:17:20'),(3074,'2025-03-04','M',1049420,4294967295,'1990-06-17 06:46:32'),(3075,'2025-03-04','A',1049420,4294967295,'2015-10-12 21:26:34'),(3076,'1972-09-13','M',1049420,4294967295,'2014-02-07 08:13:02'),(3077,'2025-03-04','M',1049420,4294967295,'2011-04-29 14:02:39'),(3078,'2025-03-04','M',1049420,4294967295,'1974-04-04 11:21:51'),(3079,'2004-11-20','M',1049420,4294967295,'1996-02-24 17:27:57');
/*!40000 ALTER TABLE `cards` ENABLE KEYS */;
UNLOCK TABLES;

--
-- Table structure for table `count_statuses`
--

DROP TABLE IF EXISTS `count_statuses`;
/*!40101 SET @saved_cs_client     = @@character_set_client */;
/*!50503 SET character_set_client = utf8mb4 */;
CREATE TABLE `count_statuses` (
  `id` int(10) unsigned NOT NULL AUTO_INCREMENT,
  `name` varchar(255) CHARACTER SET utf8 COLLATE utf8_unicode_ci NOT NULL,
  PRIMARY KEY (`id`),
  UNIQUE KEY `name` (`name`)
) ENGINE=InnoDB AUTO_INCREMENT=3 DEFAULT CHARSET=utf8 COLLATE=utf8_unicode_ci;
/*!40101 SET character_set_client = @saved_cs_client */;

--
-- Dumping data for table `count_statuses`
--

LOCK TABLES `count_statuses` WRITE;
/*!40000 ALTER TABLE `count_statuses` DISABLE KEYS */;
INSERT INTO `count_statuses` VALUES (2,'closed'),(1,'open');
/*!40000 ALTER TABLE `count_statuses` ENABLE KEYS */;
UNLOCK TABLES;

--
-- Table structure for table `count_types`
--

DROP TABLE IF EXISTS `count_types`;
/*!40101 SET @saved_cs_client     = @@character_set_client */;
/*!50503 SET character_set_client = utf8mb4 */;
CREATE TABLE `count_types` (
  `id` int(10) unsigned NOT NULL AUTO_INCREMENT,
  `name` varchar(255) CHARACTER SET utf8 COLLATE utf8_unicode_ci NOT NULL,
  PRIMARY KEY (`id`),
  UNIQUE KEY `name` (`name`)
) ENGINE=InnoDB AUTO_INCREMENT=5 DEFAULT CHARSET=utf8 COLLATE=utf8_unicode_ci;
/*!40101 SET character_set_client = @saved_cs_client */;

--
-- Dumping data for table `count_types`
--

LOCK TABLES `count_types` WRITE;
/*!40000 ALTER TABLE `count_types` DISABLE KEYS */;
INSERT INTO `count_types` VALUES (3,'card'),(4,'current account'),(2,'deposit'),(1,'loan');
/*!40000 ALTER TABLE `count_types` ENABLE KEYS */;
UNLOCK TABLES;

--
-- Table structure for table `counts`
--

DROP TABLE IF EXISTS `counts`;
/*!40101 SET @saved_cs_client     = @@character_set_client */;
/*!50503 SET character_set_client = utf8mb4 */;
CREATE TABLE `counts` (
  `id` int(10) unsigned NOT NULL,
  `user_id` int(10) unsigned NOT NULL,
  `count_type_id` int(10) unsigned NOT NULL,
  `currency_type_id` int(10) unsigned NOT NULL,
  `status_id` int(10) unsigned NOT NULL,
  `balance` int(11) DEFAULT NULL,
  `created_at` datetime DEFAULT CURRENT_TIMESTAMP,
  `updated_at` datetime DEFAULT CURRENT_TIMESTAMP ON UPDATE CURRENT_TIMESTAMP,
  PRIMARY KEY (`id`),
  KEY `counts_user_id_fk` (`user_id`),
  KEY `counts_count_type_id_fk` (`count_type_id`),
  KEY `counts_currency_type_id_fk` (`currency_type_id`),
  KEY `counts_status_id_fk` (`status_id`),
  CONSTRAINT `counts_count_type_id_fk` FOREIGN KEY (`count_type_id`) REFERENCES `count_types` (`id`),
  CONSTRAINT `counts_currency_type_id_fk` FOREIGN KEY (`currency_type_id`) REFERENCES `currency_types` (`id`),
  CONSTRAINT `counts_status_id_fk` FOREIGN KEY (`status_id`) REFERENCES `count_statuses` (`id`),
  CONSTRAINT `counts_user_id_fk` FOREIGN KEY (`user_id`) REFERENCES `users` (`id`) ON DELETE CASCADE
) ENGINE=InnoDB DEFAULT CHARSET=utf8 COLLATE=utf8_unicode_ci;
/*!40101 SET character_set_client = @saved_cs_client */;

--
-- Dumping data for table `counts`
--

LOCK TABLES `counts` WRITE;
/*!40000 ALTER TABLE `counts` DISABLE KEYS */;
INSERT INTO `counts` VALUES (1001,64,1,1,2,0,'2004-08-09 06:24:42','2020-03-01 16:09:36'),(1002,47,1,1,1,1049420,'2019-12-06 04:09:51','2020-03-01 15:46:21'),(1003,94,1,2,2,0,'1999-08-10 08:35:57','2020-03-01 16:09:36'),(1004,56,1,3,2,0,'2010-09-29 02:38:34','2020-03-01 16:09:36'),(1005,61,1,1,1,9597671,'1974-10-30 23:11:17','2020-03-01 15:46:21'),(1006,11,1,1,1,3338380,'2001-10-06 07:32:56','2020-03-01 15:46:21'),(1007,3,1,3,1,7898890,'1999-08-18 07:03:10','2020-03-01 15:46:21'),(1008,13,1,2,1,9479309,'1987-10-15 16:54:23','2020-03-01 15:46:21'),(1009,39,1,3,1,3699873,'1987-02-17 18:58:22','2020-03-01 15:46:21'),(1010,3,1,2,1,61440,'2016-01-29 12:58:46','2020-03-01 15:46:21'),(1011,34,1,1,2,0,'2020-02-21 12:10:52','2020-03-01 16:09:36'),(1012,80,1,3,2,0,'1987-10-16 16:57:53','2020-03-01 16:09:36'),(1013,42,1,3,2,0,'1997-08-31 15:59:22','2020-03-01 16:09:36'),(1014,71,1,3,1,664972,'1971-10-20 16:22:04','2020-03-01 15:46:21'),(1015,39,1,2,1,8389440,'2001-07-09 21:44:15','2020-03-01 15:46:21'),(1016,90,1,2,2,0,'1985-05-17 01:36:30','2020-03-01 16:09:36'),(1017,17,1,2,1,4593097,'1984-01-20 04:50:27','2020-03-01 15:46:21'),(1018,18,1,2,2,0,'2008-07-14 07:42:14','2020-03-01 16:09:36'),(1019,46,1,2,2,0,'1989-03-11 09:09:31','2020-03-01 16:09:36'),(1020,62,1,1,2,0,'1997-03-24 03:01:08','2020-03-01 16:09:36'),(1021,47,1,2,1,2175975,'2009-09-22 17:45:35','2020-03-01 15:46:21'),(1022,37,1,1,1,2399295,'2011-10-08 06:54:55','2020-03-01 15:46:21'),(1023,8,1,1,2,0,'1970-09-03 05:39:13','2020-03-01 16:09:36'),(1024,6,1,2,2,0,'2007-10-02 23:19:16','2020-03-01 16:09:36'),(1025,56,1,2,2,0,'1995-05-09 23:39:36','2020-03-01 16:09:36'),(1026,77,1,2,1,1158513,'2008-05-30 15:06:49','2020-03-01 15:46:21'),(1027,75,1,1,1,2836724,'2018-12-29 10:16:21','2020-03-01 15:46:21'),(1028,80,1,2,2,0,'2018-08-16 14:58:04','2020-03-01 16:09:36'),(1029,56,1,1,2,0,'2016-07-12 01:37:59','2020-03-01 16:09:36'),(1030,57,1,2,1,3026912,'2008-08-12 16:25:10','2020-03-01 15:46:21'),(1031,58,1,1,2,0,'1989-06-26 13:59:36','2020-03-01 16:09:36'),(1032,65,1,3,1,1138598,'2012-10-05 14:22:17','2020-03-01 15:46:21'),(1033,27,1,2,1,5561391,'1977-11-08 10:26:18','2020-03-01 15:46:21'),(1034,82,1,2,2,0,'2008-12-22 21:16:55','2020-03-01 16:09:36'),(1035,92,1,1,2,0,'1986-01-20 22:25:27','2020-03-01 16:09:36'),(1036,76,1,3,2,0,'1998-01-28 03:09:14','2020-03-01 16:09:36'),(1037,97,1,2,1,108404,'1975-11-04 11:16:01','2020-03-01 15:46:21'),(1038,79,1,3,1,988049,'1995-06-21 08:20:29','2020-03-01 15:46:21'),(1039,76,1,2,2,0,'2009-11-27 15:07:17','2020-03-01 16:09:36'),(1040,10,1,3,2,0,'2019-07-04 14:45:46','2020-03-01 16:09:36'),(1041,15,1,2,1,6709951,'1977-08-30 16:32:52','2020-03-01 15:46:21'),(1042,50,1,2,2,0,'2015-12-06 22:02:03','2020-03-01 16:09:36'),(1043,14,1,3,2,0,'1971-06-21 22:18:20','2020-03-01 16:09:36'),(1044,96,1,3,2,0,'1999-10-22 13:05:10','2020-03-01 16:09:36'),(1045,95,1,2,1,2732256,'1971-05-27 19:59:33','2020-03-01 15:46:21'),(1046,9,1,1,1,3305122,'2018-12-26 08:19:05','2020-03-01 15:46:21'),(1047,67,1,3,1,8328844,'1995-10-30 01:44:02','2020-03-01 15:46:21'),(1048,100,1,3,2,0,'2017-04-16 10:16:39','2020-03-01 16:09:36'),(1049,45,1,2,1,3657730,'2015-08-24 09:09:45','2020-03-01 15:46:21'),(1050,40,1,1,2,0,'2009-06-21 22:42:44','2020-03-01 16:09:36'),(1051,15,1,1,1,4537274,'1989-06-08 03:43:37','2020-03-01 15:46:21'),(1052,38,1,1,2,0,'2008-05-18 11:43:05','2020-03-01 16:09:36'),(1053,29,1,1,1,3288642,'1993-04-22 21:29:42','2020-03-01 15:46:21'),(1054,32,1,3,2,0,'1988-02-11 02:28:52','2020-03-01 16:09:36'),(1055,44,1,2,2,0,'1994-08-06 21:32:50','2020-03-01 16:09:36'),(1056,19,1,2,1,9334849,'2008-10-23 12:46:29','2020-03-01 15:46:21'),(1057,83,1,2,1,1728060,'1980-06-07 16:45:07','2020-03-01 15:46:21'),(1058,29,1,2,1,635752,'1991-06-10 04:28:59','2020-03-01 15:46:21'),(1059,54,1,3,2,0,'1994-11-16 23:58:14','2020-03-01 16:09:36'),(1060,90,1,3,2,0,'2009-12-15 03:41:38','2020-03-01 16:09:36'),(1061,26,1,3,2,0,'2002-10-20 14:08:15','2020-03-01 16:09:36'),(1062,84,1,1,2,0,'2016-12-22 14:37:30','2020-03-01 16:09:36'),(1063,71,1,2,1,8594553,'2004-06-16 14:59:36','2020-03-01 15:46:21'),(1064,60,1,2,2,0,'2007-03-31 02:33:03','2020-03-01 16:09:36'),(1065,91,1,1,1,6195865,'1988-06-21 01:05:04','2020-03-01 15:46:21'),(1066,8,1,2,2,0,'1998-04-20 09:58:41','2020-03-01 16:09:36'),(1067,25,1,3,1,370450,'1978-09-12 01:09:33','2020-03-01 15:46:21'),(1068,95,1,1,1,2477421,'1975-04-02 17:58:34','2020-03-01 15:46:21'),(1069,22,1,2,2,0,'1983-07-25 21:04:07','2020-03-01 16:09:36'),(1070,54,1,2,2,0,'1972-10-31 12:34:40','2020-03-01 16:09:36'),(2001,25,2,2,1,1358473,'2003-11-27 03:29:54','2020-03-01 15:46:13'),(2002,19,2,1,1,8702473,'1986-01-24 15:38:49','2020-03-01 15:46:13'),(2003,43,2,1,1,9436946,'2019-03-16 00:15:53','2020-03-01 15:46:13'),(2004,28,2,1,2,0,'2012-03-06 03:39:20','2020-03-01 16:09:36'),(2005,97,2,3,1,7075708,'1985-07-09 15:41:02','2020-03-01 15:46:13'),(2006,74,2,1,2,0,'1981-02-04 14:18:40','2020-03-01 16:09:36'),(2007,74,2,3,2,0,'2006-07-06 07:04:41','2020-03-01 16:09:36'),(2008,90,2,1,2,0,'1972-03-17 12:16:38','2020-03-01 16:09:36'),(2009,93,2,2,1,6931426,'1999-01-01 22:53:31','2020-03-01 15:46:13'),(2010,75,2,2,1,1387587,'2015-08-09 14:31:12','2020-03-01 15:46:13'),(2011,74,2,2,2,0,'2003-02-04 00:07:36','2020-03-01 16:09:36'),(2012,31,2,3,1,6555520,'1988-02-01 02:12:16','2020-03-01 15:46:13'),(2013,82,2,1,2,0,'1991-04-20 14:20:22','2020-03-01 16:09:36'),(2014,83,2,1,1,2066600,'1978-08-26 08:08:27','2020-03-01 15:46:13'),(2015,89,2,1,1,7293102,'1972-04-12 11:42:22','2020-03-01 15:46:13'),(2016,44,2,3,2,0,'1975-01-03 19:30:57','2020-03-01 16:09:36'),(2017,23,2,2,1,9449246,'1988-06-26 09:17:40','2020-03-01 15:46:13'),(2018,17,2,1,1,6449100,'1971-02-21 19:36:40','2020-03-01 15:46:13'),(2019,52,2,2,2,0,'2008-05-01 20:25:30','2020-03-01 16:09:36'),(2020,98,2,2,2,0,'1986-04-20 22:54:10','2020-03-01 16:09:36'),(2021,9,2,3,1,9014218,'1981-10-13 14:10:35','2020-03-01 15:46:13'),(2022,49,2,2,1,4646593,'2015-11-01 01:36:02','2020-03-01 15:46:13'),(2023,64,2,3,2,0,'1977-11-09 22:21:23','2020-03-01 16:09:36'),(2024,98,2,3,2,0,'2009-09-26 16:37:01','2020-03-01 16:09:36'),(2025,28,2,3,2,0,'1972-12-05 03:34:04','2020-03-01 16:09:36'),(2026,79,2,1,1,1404186,'2008-03-03 21:32:34','2020-03-01 15:46:13'),(2027,14,2,1,2,0,'1973-03-12 23:32:27','2020-03-01 16:09:36'),(2028,9,2,2,1,3573649,'1998-05-22 03:50:16','2020-03-01 15:46:13'),(2029,81,2,2,1,5196521,'2000-04-30 21:03:22','2020-03-01 15:46:13'),(2030,11,2,2,1,5261658,'1975-05-19 13:30:06','2020-03-01 15:46:13'),(2031,40,2,3,2,0,'2001-01-11 17:33:46','2020-03-01 16:09:36'),(2032,20,2,1,2,0,'1989-12-20 22:46:43','2020-03-01 16:09:36'),(2033,58,2,2,2,0,'1973-11-11 00:43:20','2020-03-01 16:09:36'),(2034,10,2,1,2,0,'1995-08-01 14:43:58','2020-03-01 16:09:36'),(2035,29,2,3,1,4386984,'2018-03-22 19:23:03','2020-03-01 15:46:13'),(2036,30,2,2,2,0,'1990-01-30 19:24:51','2020-03-01 16:09:36'),(2037,33,2,2,1,1368491,'1979-05-05 16:16:51','2020-03-01 15:46:13'),(2038,55,2,2,1,124787,'2017-04-16 15:34:07','2020-03-01 15:46:13'),(2039,17,2,3,1,6518465,'1986-11-25 03:18:54','2020-03-01 15:46:13'),(2040,60,2,3,2,0,'1971-11-21 16:19:40','2020-03-01 16:09:36'),(2041,73,2,1,1,1534420,'1985-02-22 14:53:29','2020-03-01 15:46:13'),(2042,10,2,2,2,0,'1971-05-20 06:07:09','2020-03-01 16:09:36'),(2043,97,2,1,1,487788,'1991-11-26 00:51:26','2020-03-01 15:46:13'),(2044,93,2,1,1,9384310,'1980-12-01 23:28:32','2020-03-01 15:46:13'),(2045,31,2,1,1,5458188,'2004-12-30 14:00:54','2020-03-01 15:46:13'),(2046,69,2,1,1,9138009,'2004-01-11 16:40:18','2020-03-01 15:46:13'),(2047,51,2,1,1,9315481,'2006-10-02 07:55:56','2020-03-01 15:46:13'),(2048,68,2,3,2,0,'1980-11-23 09:58:25','2020-03-01 16:09:36'),(2049,4,2,1,2,0,'2000-12-29 06:16:15','2020-03-01 16:09:36'),(2050,16,2,1,2,0,'1981-11-27 13:48:14','2020-03-01 16:09:36'),(2051,53,2,1,1,5699167,'2015-12-31 10:21:10','2020-03-01 15:46:13'),(2052,83,2,3,1,2909529,'1970-07-10 10:28:53','2020-03-01 15:46:13'),(2053,65,2,1,1,7450144,'1996-08-10 10:24:08','2020-03-01 15:46:13'),(2054,100,2,1,2,0,'1997-05-30 21:38:10','2020-03-01 16:09:36'),(2055,41,2,1,1,260232,'2015-10-20 02:32:36','2020-03-01 15:46:13'),(2056,7,2,2,1,5734760,'1996-09-12 09:00:46','2020-03-01 15:46:13'),(2057,66,2,2,2,0,'1997-10-02 17:30:48','2020-03-01 16:09:36'),(2058,61,2,3,1,2261234,'2018-11-24 16:19:22','2020-03-01 15:46:13'),(2059,35,2,2,1,7626863,'2006-02-12 16:18:36','2020-03-01 15:46:13'),(2060,77,2,1,1,1350613,'1970-10-04 12:46:09','2020-03-01 15:46:13'),(2061,65,2,2,1,3872474,'1990-06-06 20:27:53','2020-03-01 15:46:13'),(2062,30,2,1,2,0,'1978-02-26 05:15:25','2020-03-01 16:09:36'),(2063,93,2,3,1,4935228,'2000-11-06 17:33:21','2020-03-01 15:46:13'),(2064,62,2,3,2,0,'2015-07-06 06:38:41','2020-03-01 16:09:36'),(2065,7,2,3,1,8917061,'1991-08-17 19:51:11','2020-03-01 15:46:13'),(2066,66,2,1,2,0,'1998-04-01 01:03:06','2020-03-01 16:09:36'),(2067,63,2,1,1,5007109,'2009-11-19 19:07:51','2020-03-01 15:46:13'),(2068,39,2,1,1,9980570,'1976-01-19 17:44:07','2020-03-01 15:46:13'),(2069,46,2,3,2,0,'2001-05-14 09:10:08','2020-03-01 16:09:36'),(2070,21,2,1,1,4465909,'1993-06-29 19:16:03','2020-03-01 15:46:13'),(2071,42,2,2,2,0,'2010-08-25 22:48:18','2020-03-01 16:09:36'),(2072,51,2,3,1,5027144,'2000-03-24 05:27:39','2020-03-01 15:46:13'),(2073,34,2,3,2,0,'2006-07-18 07:07:58','2020-03-01 16:09:36'),(2074,4,2,3,2,0,'1992-01-09 20:55:22','2020-03-01 16:09:36'),(2075,43,2,3,1,370350,'2016-07-15 17:49:24','2020-03-01 15:46:13'),(2076,88,2,3,2,0,'1978-07-21 16:05:02','2020-03-01 16:09:36'),(2077,82,2,3,2,0,'2014-04-06 09:28:06','2020-03-01 16:09:36'),(2078,42,2,1,2,0,'2012-02-16 23:40:25','2020-03-01 16:09:36'),(3001,92,3,2,2,0,'1983-05-22 18:20:25','2020-03-01 16:09:36'),(3002,70,3,2,2,0,'1973-05-24 09:21:19','2020-03-01 16:09:36'),(3003,69,3,2,1,993761,'2016-10-05 15:06:41','2020-03-01 15:45:53'),(3004,70,3,3,2,0,'2013-01-13 02:31:11','2020-03-01 16:09:36'),(3005,87,3,2,1,625871,'2005-12-20 01:10:09','2020-03-01 15:45:53'),(3006,96,3,2,2,0,'1997-03-10 01:45:06','2020-03-01 16:09:36'),(3007,87,3,3,1,947692,'2016-04-15 05:33:56','2020-03-01 15:45:53'),(3008,75,3,3,1,43277,'1979-06-06 20:41:01','2020-03-01 15:45:53'),(3009,48,3,1,2,0,'2000-02-04 19:20:04','2020-03-01 16:09:36'),(3010,57,3,3,1,736703,'1974-04-25 08:39:25','2020-03-01 15:45:53'),(3011,33,3,1,1,563595,'1980-07-14 00:07:31','2020-03-01 15:45:53'),(3012,86,3,2,2,0,'1998-09-29 16:30:43','2020-03-01 16:09:36'),(3013,13,3,3,1,348539,'1981-04-25 06:36:27','2020-03-01 15:45:53'),(3014,31,3,2,1,919100,'1981-09-24 04:28:39','2020-03-01 15:45:53'),(3015,4,3,2,2,0,'1973-07-22 06:04:45','2020-03-01 16:09:36'),(3016,12,3,2,2,0,'1971-12-25 14:17:32','2020-03-01 16:09:36'),(3017,86,3,3,2,0,'1983-08-14 01:21:41','2020-03-01 16:09:36'),(3018,2,3,1,2,0,'1988-04-12 16:54:53','2020-03-01 16:09:36'),(3019,100,3,2,2,0,'1988-01-09 21:25:10','2020-03-01 16:09:36'),(3020,2,3,2,2,0,'1981-03-03 13:02:02','2020-03-01 16:09:36'),(3021,68,3,1,2,0,'1989-01-17 20:25:24','2020-03-01 16:09:36'),(3022,5,3,3,1,887731,'2013-03-06 19:31:19','2020-03-01 15:45:53'),(3023,80,3,1,2,0,'1977-05-16 19:56:22','2020-03-01 16:09:36'),(3024,28,3,2,2,0,'2016-06-15 13:14:41','2020-03-01 16:09:36'),(3025,94,3,3,2,0,'1989-07-18 08:56:59','2020-03-01 16:09:36'),(3026,45,3,3,1,654360,'1989-11-27 07:42:48','2020-03-01 15:45:53'),(3027,87,3,1,1,849758,'2006-11-21 12:47:50','2020-03-01 15:45:53'),(3028,48,3,2,2,0,'1993-06-23 12:19:16','2020-03-01 16:09:36'),(3029,50,3,3,2,0,'1984-07-30 03:00:25','2020-03-01 16:09:36'),(3030,92,3,3,2,0,'1994-12-19 01:21:06','2020-03-01 16:09:36'),(3031,96,3,1,2,0,'1978-02-10 18:57:03','2020-03-01 16:09:36'),(3032,62,3,2,2,0,'2008-07-29 12:07:28','2020-03-01 16:09:36'),(3033,59,3,1,1,192958,'2018-01-28 00:50:30','2020-03-01 15:45:53'),(3034,89,3,3,1,944202,'2019-05-06 22:43:34','2020-03-01 15:45:53'),(3035,95,3,3,1,142136,'2000-12-04 00:32:47','2020-03-01 15:45:53'),(3036,88,3,1,2,0,'2013-05-30 01:47:05','2020-03-01 16:09:36'),(3037,12,3,1,2,0,'1983-11-03 22:58:51','2020-03-01 16:09:36'),(3038,47,3,3,1,185540,'1998-10-23 16:14:26','2020-03-01 15:45:53'),(3039,86,3,1,2,0,'2006-01-06 13:34:08','2020-03-01 16:09:36'),(3040,52,3,1,2,0,'1989-12-31 05:21:50','2020-03-01 16:09:36'),(3041,64,3,2,2,0,'1985-09-08 20:01:52','2020-03-01 16:09:36'),(3042,91,3,2,1,159831,'1987-10-29 01:36:51','2020-03-01 15:45:53'),(3043,2,3,3,2,0,'1997-02-05 05:48:16','2020-03-01 16:09:36'),(3044,72,3,1,2,0,'2009-11-17 00:09:36','2020-03-01 16:09:36'),(3045,55,3,1,1,818598,'1986-08-27 23:49:44','2020-03-01 15:45:53'),(3046,50,3,1,2,0,'2003-01-31 03:48:45','2020-03-01 16:09:36'),(3047,20,3,3,2,0,'1993-08-04 03:29:26','2020-03-01 16:09:36'),(3048,49,3,1,1,172366,'2016-08-08 23:52:40','2020-03-01 15:45:53'),(3049,63,3,3,1,330572,'1977-09-20 17:51:00','2020-03-01 15:45:53'),(3050,27,3,3,1,135762,'2000-10-06 19:06:49','2020-03-01 15:45:53'),(3051,33,3,3,1,687092,'1992-01-28 22:24:09','2020-03-01 15:45:53'),(3052,52,3,3,2,0,'1976-03-07 02:39:56','2020-03-01 16:09:36'),(3053,36,3,1,2,0,'2000-02-20 20:37:10','2020-03-01 16:09:36'),(3054,49,3,3,1,313436,'1980-12-23 23:25:14','2020-03-01 15:45:53'),(3055,48,3,3,2,0,'1978-02-12 02:20:06','2020-03-01 16:09:36'),(3056,1,3,2,1,701722,'1986-03-11 04:25:11','2020-03-01 15:45:53'),(3057,84,3,3,2,0,'2001-06-08 11:18:38','2020-03-01 16:09:36'),(3058,7,3,1,1,511781,'2002-04-27 12:45:59','2020-03-01 15:45:53'),(3059,23,3,1,1,988736,'2017-09-25 08:03:47','2020-03-01 15:45:53'),(3060,60,3,1,2,0,'1999-01-07 16:37:22','2020-03-01 16:09:36'),(3061,3,3,1,1,75471,'2015-01-24 23:21:07','2020-03-01 15:45:53'),(3062,85,3,2,1,152345,'1979-08-14 15:54:32','2020-03-01 15:45:53'),(3063,85,3,1,1,535315,'2018-02-01 19:09:34','2020-03-01 15:45:53'),(3064,43,3,2,1,219540,'1983-06-16 00:41:00','2020-03-01 15:45:53'),(3065,58,3,3,2,0,'1989-10-02 12:26:19','2020-03-01 16:09:36'),(3066,26,3,2,2,0,'2019-10-11 12:30:14','2020-03-01 16:09:36'),(3067,6,3,1,2,0,'1978-11-01 06:39:51','2020-03-01 16:09:36'),(3068,91,3,3,1,226840,'2001-07-22 09:09:29','2020-03-01 15:45:53'),(3069,73,3,2,1,557839,'1990-03-21 08:08:35','2020-03-01 15:45:53'),(3070,51,3,2,1,108675,'2002-06-14 02:08:39','2020-03-01 15:45:53'),(3071,36,3,2,2,0,'1992-10-27 22:23:16','2020-03-01 16:09:36'),(3072,69,3,3,1,23259,'1993-12-09 12:34:54','2020-03-01 15:45:53'),(3073,37,3,2,1,506723,'1979-04-26 10:07:43','2020-03-01 15:45:53'),(3074,5,3,2,1,463836,'1988-04-07 18:17:39','2020-03-01 15:45:53'),(3075,19,3,3,1,799013,'1981-05-21 03:53:10','2020-03-01 15:45:53'),(3076,66,3,3,2,0,'2016-04-26 02:08:14','2020-03-01 16:09:36'),(3077,77,3,3,1,620743,'1986-03-19 04:16:45','2020-03-01 15:45:53'),(3078,53,3,2,1,293045,'1997-01-27 00:34:02','2020-03-01 15:45:53'),(3079,98,3,1,2,0,'1987-03-29 15:42:18','2020-03-01 16:09:36'),(4001,14,4,2,2,0,'1977-11-04 06:44:40','2020-03-01 16:09:36'),(4002,6,4,3,2,0,'2006-01-31 17:44:25','2020-03-01 16:09:36'),(4003,20,4,2,2,0,'1980-05-02 12:22:25','2020-03-01 16:09:36'),(4004,99,4,3,1,49610,'1984-10-31 15:08:21','2020-03-01 15:45:03'),(4005,38,4,2,2,0,'1997-08-18 14:49:22','2020-03-01 16:09:36'),(4006,71,4,1,1,12862,'2001-10-03 04:33:45','2020-03-01 15:45:03'),(4007,46,4,1,2,0,'2011-09-13 22:25:10','2020-03-01 16:09:36'),(4008,21,4,2,1,88897,'1974-03-12 18:45:37','2020-03-01 15:45:03'),(4009,78,4,3,2,0,'1981-08-08 17:40:53','2020-03-01 16:09:36'),(4010,73,4,3,1,64291,'1976-03-07 19:58:10','2020-03-01 15:45:03'),(4011,24,4,3,2,0,'1986-02-28 07:25:10','2020-03-01 16:09:36'),(4012,35,4,3,1,12455,'1996-08-18 05:13:13','2020-03-01 15:45:03'),(4013,36,4,3,2,0,'2002-01-29 18:28:40','2020-03-01 16:09:36'),(4014,63,4,2,1,49037,'1981-02-21 06:06:38','2020-03-01 15:45:03'),(4015,21,4,3,1,11742,'1996-01-12 06:11:15','2020-03-01 15:45:03'),(4016,15,4,3,1,10602,'2018-09-01 15:27:54','2020-03-01 15:45:03'),(4017,24,4,1,2,0,'1986-08-21 07:03:15','2020-03-01 16:09:36'),(4018,30,4,3,2,0,'1982-06-23 18:18:00','2020-03-01 16:09:36'),(4019,57,4,1,1,4206,'1995-03-25 14:52:30','2020-03-01 15:45:03'),(4020,78,4,2,2,0,'1998-08-10 23:21:45','2020-03-01 16:09:36'),(4021,79,4,2,1,19875,'1981-05-04 13:33:41','2020-03-01 15:45:03'),(4022,27,4,1,1,98279,'2012-10-16 10:21:33','2020-03-01 15:45:03'),(4023,32,4,1,2,0,'1989-01-25 14:31:47','2020-03-01 16:09:36'),(4024,61,4,2,1,58019,'1989-03-23 22:24:12','2020-03-01 15:45:03'),(4025,41,4,2,1,96783,'2015-07-07 22:49:48','2020-03-01 15:45:03'),(4026,22,4,3,2,0,'2013-08-25 13:09:16','2020-03-01 16:09:36'),(4027,44,4,1,2,0,'2000-04-23 12:43:52','2020-03-01 16:09:36'),(4028,81,4,1,1,37139,'2008-09-26 23:22:20','2020-03-01 15:45:03'),(4029,24,4,2,2,0,'1987-05-02 19:42:16','2020-03-01 16:09:36'),(4030,37,4,3,1,16926,'2010-12-09 10:08:29','2020-03-01 15:45:03'),(4031,76,4,1,2,0,'2015-04-16 01:28:30','2020-03-01 16:09:36'),(4032,99,4,1,1,78336,'2007-10-28 03:44:31','2020-03-01 15:45:03'),(4033,59,4,3,1,72615,'2019-09-18 19:22:28','2020-03-01 15:45:03'),(4034,13,4,1,1,27067,'2019-05-20 03:04:14','2020-03-01 15:45:03'),(4035,81,4,3,1,16490,'2000-12-24 16:25:05','2020-03-01 15:45:03'),(4036,67,4,1,1,100250,'2019-02-10 14:45:25','2020-03-01 15:45:03'),(4037,11,4,3,1,50782,'2018-08-22 11:46:01','2020-03-01 15:45:03'),(4038,45,4,1,1,52159,'1971-05-30 14:34:58','2020-03-01 15:45:03'),(4039,72,4,2,2,0,'2007-03-12 04:49:31','2020-03-01 16:09:36'),(4040,38,4,3,2,0,'1971-05-26 05:10:23','2020-03-01 16:09:36'),(4041,8,4,3,2,0,'1988-04-30 22:04:05','2020-03-01 16:09:36'),(4042,5,4,1,1,37089,'2012-12-04 22:17:37','2020-03-01 15:45:03'),(4043,32,4,2,2,0,'2002-01-10 02:24:00','2020-03-01 16:09:36'),(4044,25,4,1,1,77831,'1984-10-20 13:47:51','2020-03-01 15:45:03'),(4045,67,4,2,1,14095,'1977-07-05 19:05:17','2020-03-01 15:45:03'),(4046,53,4,3,1,35982,'2017-07-19 00:07:24','2020-03-01 15:45:03'),(4047,18,4,1,2,0,'1987-04-05 13:07:15','2020-03-01 16:09:36'),(4048,23,4,3,1,74192,'1987-07-11 23:28:39','2020-03-01 15:45:03'),(4049,72,4,3,2,0,'2007-11-11 01:43:28','2020-03-01 16:09:36'),(4050,54,4,1,2,0,'1995-06-11 17:17:38','2020-03-01 16:09:36'),(4051,68,4,2,2,0,'1996-01-09 10:35:58','2020-03-01 16:09:36'),(4052,55,4,3,1,82844,'2010-09-08 10:08:43','2020-03-01 15:45:03'),(4053,40,4,2,2,0,'1976-11-28 16:36:37','2020-03-01 16:09:36'),(4054,88,4,2,2,0,'2002-10-11 20:15:01','2020-03-01 16:09:36'),(4055,12,4,3,2,0,'1987-05-10 23:37:39','2020-03-01 16:09:36'),(4056,16,4,3,2,0,'2018-09-28 01:22:16','2020-03-01 16:09:36'),(4057,18,4,3,2,0,'2002-10-29 20:32:06','2020-03-01 16:09:36'),(4058,85,4,3,1,83348,'2019-09-03 03:31:24','2020-03-01 15:45:03'),(4059,34,4,2,2,0,'1987-05-10 21:53:10','2020-03-01 16:09:36'),(4060,1,4,1,1,69461,'1970-01-30 10:29:08','2020-03-01 15:45:03'),(4061,59,4,2,1,74002,'1973-01-24 11:37:43','2020-03-01 15:45:03'),(4062,35,4,1,1,60628,'2017-01-16 11:56:14','2020-03-01 15:45:03'),(4063,16,4,2,2,0,'1997-08-06 10:25:57','2020-03-01 16:09:36'),(4064,78,4,1,2,0,'1981-04-20 23:28:35','2020-03-01 16:09:36'),(4065,22,4,1,2,0,'2009-09-11 04:44:22','2020-03-01 16:09:36'),(4066,89,4,2,1,83213,'2007-03-05 11:11:20','2020-03-01 15:45:03'),(4067,99,4,2,1,72530,'2011-11-15 07:07:11','2020-03-01 15:45:03'),(4068,41,4,3,1,12010,'1997-12-31 18:22:21','2020-03-01 15:45:03'),(4069,26,4,1,2,0,'1982-03-22 21:24:22','2020-03-01 16:09:36'),(4070,84,4,2,2,0,'1976-05-18 11:41:48','2020-03-01 16:09:36'),(4071,70,4,1,2,0,'1971-08-23 23:15:57','2020-03-01 16:09:36'),(4072,94,4,1,2,0,'2015-12-04 09:57:44','2020-03-01 16:09:36'),(4073,1,4,3,1,11873,'2015-05-06 12:05:32','2020-03-01 15:45:03');
/*!40000 ALTER TABLE `counts` ENABLE KEYS */;
UNLOCK TABLES;

--
-- Table structure for table `currency_types`
--

DROP TABLE IF EXISTS `currency_types`;
/*!40101 SET @saved_cs_client     = @@character_set_client */;
/*!50503 SET character_set_client = utf8mb4 */;
CREATE TABLE `currency_types` (
  `id` int(10) unsigned NOT NULL AUTO_INCREMENT,
  `name` varchar(255) CHARACTER SET utf8 COLLATE utf8_unicode_ci NOT NULL,
  PRIMARY KEY (`id`),
  UNIQUE KEY `name` (`name`)
) ENGINE=InnoDB AUTO_INCREMENT=4 DEFAULT CHARSET=utf8 COLLATE=utf8_unicode_ci;
/*!40101 SET character_set_client = @saved_cs_client */;

--
-- Dumping data for table `currency_types`
--

LOCK TABLES `currency_types` WRITE;
/*!40000 ALTER TABLE `currency_types` DISABLE KEYS */;
INSERT INTO `currency_types` VALUES (2,'euro'),(1,'rub'),(3,'usd');
/*!40000 ALTER TABLE `currency_types` ENABLE KEYS */;
UNLOCK TABLES;

--
-- Table structure for table `deposits`
--

DROP TABLE IF EXISTS `deposits`;
/*!40101 SET @saved_cs_client     = @@character_set_client */;
/*!50503 SET character_set_client = utf8mb4 */;
CREATE TABLE `deposits` (
  `count_id` int(10) unsigned NOT NULL,
  `name` varchar(255) CHARACTER SET utf8 COLLATE utf8_unicode_ci NOT NULL,
  `validaty` date DEFAULT NULL,
  `rate` float unsigned NOT NULL,
  `created_at` datetime DEFAULT CURRENT_TIMESTAMP,
  PRIMARY KEY (`count_id`),
  CONSTRAINT `deposits_count_id_fk` FOREIGN KEY (`count_id`) REFERENCES `counts` (`id`)
) ENGINE=InnoDB DEFAULT CHARSET=utf8 COLLATE=utf8_unicode_ci;
/*!40101 SET character_set_client = @saved_cs_client */;

--
-- Dumping data for table `deposits`
--

LOCK TABLES `deposits` WRITE;
/*!40000 ALTER TABLE `deposits` DISABLE KEYS */;
INSERT INTO `deposits` VALUES (2001,'quis','2028-07-04',5,'1996-12-16 05:01:29'),(2002,'iusto','2028-07-04',6,'1982-10-13 08:54:13'),(2003,'corporis','2028-07-04',13,'1996-07-16 23:03:28'),(2004,'quae','1973-07-13',7,'1977-09-18 00:03:10'),(2005,'consequatur','2028-07-04',4,'1972-11-11 19:58:44'),(2006,'aliquid','1985-05-11',4,'1989-04-23 18:01:48'),(2007,'aut','1975-06-07',8,'1997-10-06 23:48:11'),(2008,'quis','1990-04-09',13,'1978-06-05 10:50:21'),(2009,'sed','2028-07-04',13,'2018-01-15 02:34:52'),(2010,'sunt','2028-07-04',12,'1975-01-01 20:35:04'),(2011,'sed','1990-08-31',6,'1988-06-01 15:37:09'),(2012,'nam','2028-07-04',12,'1995-03-01 07:19:19'),(2013,'hic','1990-03-18',7,'2019-02-18 17:54:46'),(2014,'animi','2028-07-04',6,'2008-06-15 21:58:30'),(2015,'nulla','2028-07-04',4,'2014-10-28 17:34:43'),(2016,'sequi','1971-11-03',7,'2010-02-03 20:17:16'),(2017,'expedita','2028-07-04',7,'1986-02-12 20:25:27'),(2018,'recusandae','2028-07-04',4,'2006-06-10 05:36:01'),(2019,'in','1994-12-29',12,'1992-11-12 19:53:34'),(2020,'autem','1996-01-08',9,'1987-01-28 05:42:30'),(2021,'eos','2028-07-04',8,'1978-11-02 10:59:25'),(2022,'veritatis','2028-07-04',4,'1988-01-09 18:51:56'),(2023,'quo','2008-03-08',6,'1974-10-08 00:32:57'),(2024,'nesciunt','1980-11-05',8,'2005-10-13 01:08:16'),(2025,'totam','1978-01-18',4,'1985-09-03 16:28:33'),(2026,'cumque','2028-07-04',11,'1998-06-23 21:57:02'),(2027,'incidunt','2008-01-02',7,'1994-05-15 10:58:07'),(2028,'non','2028-07-04',4,'1975-07-22 12:37:40'),(2029,'ratione','2028-07-04',11,'1994-12-08 08:28:15'),(2030,'molestiae','2028-07-04',12,'2002-09-10 07:04:12'),(2031,'fugiat','2005-05-04',9,'1974-04-01 18:19:17'),(2032,'earum','1990-09-10',7,'2001-10-09 23:52:09'),(2033,'magni','2006-07-28',8,'1991-06-23 18:01:28'),(2034,'provident','2011-11-06',13,'1982-02-21 05:02:54'),(2035,'fuga','2028-07-04',12,'1997-02-10 22:55:32'),(2036,'soluta','1988-05-11',6,'1992-10-14 21:01:37'),(2037,'laborum','2028-07-04',8,'2002-05-07 07:23:46'),(2038,'aut','2028-07-04',5,'1987-02-10 07:33:14'),(2039,'esse','2028-07-04',4,'1984-08-29 23:40:18'),(2040,'debitis','2005-02-10',10,'1982-04-23 16:41:08'),(2041,'nulla','2028-07-04',7,'1981-08-01 21:03:20'),(2042,'possimus','1984-10-19',7,'1999-08-20 07:37:51'),(2043,'omnis','2028-07-04',12,'1984-09-11 07:31:39'),(2044,'aut','2028-07-04',11,'1991-12-22 01:26:58'),(2045,'aspernatur','2028-07-04',6,'2009-05-24 15:31:33'),(2046,'sunt','2028-07-04',6,'2003-02-03 04:10:08'),(2047,'qui','2028-07-04',7,'1992-07-26 05:15:11'),(2048,'rerum','2018-05-29',9,'1979-01-26 23:07:52'),(2049,'nostrum','1981-08-16',4,'2011-07-17 12:52:52'),(2050,'dolorum','2009-06-08',9,'1992-11-29 10:42:29'),(2051,'natus','2028-07-04',6,'1970-05-08 00:52:43'),(2052,'ut','2028-07-04',9,'1995-07-21 09:08:02'),(2053,'nihil','2028-07-04',9,'2013-05-28 17:53:03'),(2054,'laboriosam','1981-10-01',12,'1997-09-24 23:02:35'),(2055,'officiis','2028-07-04',10,'1970-03-24 09:55:44'),(2056,'omnis','2028-07-04',8,'2010-04-23 07:15:11'),(2057,'velit','1998-04-10',8,'2018-01-20 13:13:36'),(2058,'ex','2028-07-04',5,'2007-12-17 20:03:54'),(2059,'qui','2028-07-04',11,'2004-04-05 12:22:43'),(2060,'eveniet','2028-07-04',13,'1974-07-02 14:35:53'),(2061,'debitis','2028-07-04',8,'2013-09-28 19:14:25'),(2062,'ipsam','2007-10-24',5,'1983-05-19 00:51:16'),(2063,'porro','2028-07-04',8,'1971-03-28 07:55:49'),(2064,'occaecati','1983-03-30',6,'1997-10-27 20:07:52'),(2065,'quasi','2028-07-04',12,'1986-04-08 12:17:54'),(2066,'autem','1984-01-23',13,'1999-11-17 02:45:33'),(2067,'eius','2028-07-04',6,'1974-12-25 01:09:14'),(2068,'explicabo','2028-07-04',12,'1981-07-12 06:29:33'),(2069,'corporis','2019-09-01',7,'1983-09-22 02:41:21'),(2070,'voluptatem','2028-07-04',9,'1991-05-19 10:38:32'),(2071,'cumque','1973-11-25',8,'2019-11-22 15:50:21'),(2072,'mollitia','2028-07-04',8,'2003-02-16 21:22:45'),(2073,'non','2004-08-25',8,'1976-12-28 19:07:12'),(2074,'quia','2007-07-06',8,'2005-02-11 14:44:02'),(2075,'harum','2028-07-04',10,'1981-04-11 06:07:57'),(2076,'maiores','2000-06-10',13,'2010-01-19 06:45:47'),(2077,'nisi','1995-03-08',7,'2007-12-24 17:57:14'),(2078,'neque','1972-01-04',11,'1972-10-17 15:13:45');
/*!40000 ALTER TABLE `deposits` ENABLE KEYS */;
UNLOCK TABLES;

--
-- Table structure for table `loan_types`
--

DROP TABLE IF EXISTS `loan_types`;
/*!40101 SET @saved_cs_client     = @@character_set_client */;
/*!50503 SET character_set_client = utf8mb4 */;
CREATE TABLE `loan_types` (
  `id` int(10) unsigned NOT NULL AUTO_INCREMENT,
  `name` varchar(255) CHARACTER SET utf8 COLLATE utf8_unicode_ci NOT NULL,
  PRIMARY KEY (`id`),
  UNIQUE KEY `name` (`name`)
) ENGINE=InnoDB AUTO_INCREMENT=5 DEFAULT CHARSET=utf8 COLLATE=utf8_unicode_ci;
/*!40101 SET character_set_client = @saved_cs_client */;

--
-- Dumping data for table `loan_types`
--

LOCK TABLES `loan_types` WRITE;
/*!40000 ALTER TABLE `loan_types` DISABLE KEYS */;
INSERT INTO `loan_types` VALUES (2,'auto loan'),(3,'consumer loan'),(4,'education loan'),(1,'mortgage loan');
/*!40000 ALTER TABLE `loan_types` ENABLE KEYS */;
UNLOCK TABLES;

--
-- Table structure for table `loans`
--

DROP TABLE IF EXISTS `loans`;
/*!40101 SET @saved_cs_client     = @@character_set_client */;
/*!50503 SET character_set_client = utf8mb4 */;
CREATE TABLE `loans` (
  `count_id` int(10) unsigned NOT NULL,
  `loan_type_id` int(10) unsigned NOT NULL,
  `validaty` date DEFAULT NULL,
  `loan_amount` int(10) unsigned NOT NULL,
  `rate` float unsigned NOT NULL,
  `created_at` datetime DEFAULT CURRENT_TIMESTAMP,
  PRIMARY KEY (`count_id`),
  KEY `loans_loan_type_id_fk` (`loan_type_id`),
  CONSTRAINT `loans_count_id_fk` FOREIGN KEY (`count_id`) REFERENCES `counts` (`id`),
  CONSTRAINT `loans_loan_type_id_fk` FOREIGN KEY (`loan_type_id`) REFERENCES `loan_types` (`id`)
) ENGINE=InnoDB DEFAULT CHARSET=utf8 COLLATE=utf8_unicode_ci;
/*!40101 SET character_set_client = @saved_cs_client */;

--
-- Dumping data for table `loans`
--

LOCK TABLES `loans` WRITE;
/*!40000 ALTER TABLE `loans` DISABLE KEYS */;
INSERT INTO `loans` VALUES (1001,2,'2020-03-01',1049420,13,'2004-08-09 06:24:42'),(1002,2,'2045-03-01',1049420,10,'2019-12-06 04:09:51'),(1003,4,'2020-03-01',1049420,14,'1999-08-10 08:35:57'),(1004,3,'2020-03-01',1049420,11,'2010-09-29 02:38:34'),(1005,3,'2045-03-01',360448542,12,'1974-10-30 23:11:17'),(1006,3,'2045-03-01',3338380,13,'2001-10-06 07:32:56'),(1007,3,'2045-03-01',7898890,13,'1999-08-18 07:03:10'),(1008,4,'2045-03-01',9479309,13,'1987-10-15 16:54:23'),(1009,2,'2045-03-01',932577091,6,'1987-02-17 18:58:22'),(1010,3,'2045-03-01',1049420,15,'2016-01-29 12:58:46'),(1011,2,'2020-03-01',1049420,9,'2020-02-21 12:10:52'),(1012,4,'2020-03-01',85173847,7,'1987-10-16 16:57:53'),(1013,1,'2020-03-01',66811529,14,'1997-08-31 15:59:22'),(1014,4,'2045-03-01',1049420,9,'1971-10-20 16:22:04'),(1015,3,'2045-03-01',8389440,8,'2001-07-09 21:44:15'),(1016,2,'2020-03-01',1049420,6,'1985-05-17 01:36:30'),(1017,1,'2045-03-01',26023131,9,'1984-01-20 04:50:27'),(1018,1,'2020-03-01',1049420,13,'2008-07-14 07:42:14'),(1019,4,'2020-03-01',1049420,7,'1989-03-11 09:09:31'),(1020,1,'2020-03-01',1049420,6,'1997-03-24 03:01:08'),(1021,3,'2045-03-01',2175975,8,'2009-09-22 17:45:35'),(1022,4,'2045-03-01',2399295,15,'2011-10-08 06:54:55'),(1023,2,'2020-03-01',60560981,6,'1970-09-03 05:39:13'),(1024,2,'2020-03-01',1049420,9,'2007-10-02 23:19:16'),(1025,1,'2020-03-01',1049420,7,'1995-05-09 23:39:36'),(1026,3,'2045-03-01',1158513,12,'2008-05-30 15:06:49'),(1027,2,'2045-03-01',2836724,10,'2018-12-29 10:16:21'),(1028,1,'2020-03-01',1049420,14,'2018-08-16 14:58:04'),(1029,2,'2020-03-01',1049420,12,'2016-07-12 01:37:59'),(1030,4,'2045-03-01',83965443,7,'2008-08-12 16:25:10'),(1031,2,'2020-03-01',38144636,13,'1989-06-26 13:59:36'),(1032,2,'2045-03-01',1138598,9,'2012-10-05 14:22:17'),(1033,2,'2045-03-01',5561391,6,'1977-11-08 10:26:18'),(1034,1,'2020-03-01',97668793,13,'2008-12-22 21:16:55'),(1035,4,'2020-03-01',1049420,8,'1986-01-20 22:25:27'),(1036,1,'2020-03-01',1049420,9,'1998-01-28 03:09:14'),(1037,4,'2045-03-01',47373614,6,'1975-11-04 11:16:01'),(1038,1,'2045-03-01',1049420,13,'1995-06-21 08:20:29'),(1039,2,'2020-03-01',1049420,11,'2009-11-27 15:07:17'),(1040,2,'2020-03-01',1049420,9,'2019-07-04 14:45:46'),(1041,1,'2045-03-01',6709951,9,'1977-08-30 16:32:52'),(1042,4,'2020-03-01',1049420,10,'2015-12-06 22:02:03'),(1043,3,'2020-03-01',1049420,13,'1971-06-21 22:18:20'),(1044,4,'2020-03-01',9597671,11,'1999-10-22 13:05:10'),(1045,3,'2045-03-01',2732256,8,'1971-05-27 19:59:33'),(1046,4,'2045-03-01',3305122,7,'2018-12-26 08:19:05'),(1047,3,'2045-03-01',8328844,9,'1995-10-30 01:44:02'),(1048,4,'2020-03-01',1049420,10,'2017-04-16 10:16:39'),(1049,1,'2045-03-01',3657730,6,'2015-08-24 09:09:45'),(1050,1,'2020-03-01',1049420,6,'2009-06-21 22:42:44'),(1051,1,'2045-03-01',4537274,13,'1989-06-08 03:43:37'),(1052,2,'2020-03-01',412271873,6,'2008-05-18 11:43:05'),(1053,1,'2045-03-01',3288642,6,'1993-04-22 21:29:42'),(1054,3,'2020-03-01',9597671,12,'1988-02-11 02:28:52'),(1055,4,'2020-03-01',1049420,11,'1994-08-06 21:32:50'),(1056,1,'2045-03-01',9334849,15,'2008-10-23 12:46:29'),(1057,3,'2045-03-01',689325018,14,'1980-06-07 16:45:07'),(1058,4,'2045-03-01',1049420,10,'1991-06-10 04:28:59'),(1059,2,'2020-03-01',1049420,13,'1994-11-16 23:58:14'),(1060,4,'2020-03-01',86431881,8,'2009-12-15 03:41:38'),(1061,1,'2020-03-01',1049420,15,'2002-10-20 14:08:15'),(1062,2,'2020-03-01',1049420,12,'2016-12-22 14:37:30'),(1063,3,'2045-03-01',8594553,8,'2004-06-16 14:59:36'),(1064,2,'2020-03-01',1049420,14,'2007-03-31 02:33:03'),(1065,1,'2045-03-01',6195865,8,'1988-06-21 01:05:04'),(1066,4,'2020-03-01',1049420,9,'1998-04-20 09:58:41'),(1067,1,'2045-03-01',61599340,12,'1978-09-12 01:09:33'),(1068,3,'2045-03-01',2477421,6,'1975-04-02 17:58:34'),(1069,3,'2020-03-01',1049420,10,'1983-07-25 21:04:07'),(1070,3,'2020-03-01',1049420,13,'1972-10-31 12:34:40');
/*!40000 ALTER TABLE `loans` ENABLE KEYS */;
UNLOCK TABLES;

--
-- Table structure for table `operation_statuses`
--

DROP TABLE IF EXISTS `operation_statuses`;
/*!40101 SET @saved_cs_client     = @@character_set_client */;
/*!50503 SET character_set_client = utf8mb4 */;
CREATE TABLE `operation_statuses` (
  `id` int(10) unsigned NOT NULL AUTO_INCREMENT,
  `name` varchar(255) CHARACTER SET utf8 COLLATE utf8_unicode_ci NOT NULL,
  PRIMARY KEY (`id`),
  UNIQUE KEY `name` (`name`)
) ENGINE=InnoDB AUTO_INCREMENT=4 DEFAULT CHARSET=utf8 COLLATE=utf8_unicode_ci;
/*!40101 SET character_set_client = @saved_cs_client */;

--
-- Dumping data for table `operation_statuses`
--

LOCK TABLES `operation_statuses` WRITE;
/*!40000 ALTER TABLE `operation_statuses` DISABLE KEYS */;
INSERT INTO `operation_statuses` VALUES (2,'blocked'),(1,'cancelled'),(3,'transferred');
/*!40000 ALTER TABLE `operation_statuses` ENABLE KEYS */;
UNLOCK TABLES;

--
-- Table structure for table `operation_types`
--

DROP TABLE IF EXISTS `operation_types`;
/*!40101 SET @saved_cs_client     = @@character_set_client */;
/*!50503 SET character_set_client = utf8mb4 */;
CREATE TABLE `operation_types` (
  `id` int(10) unsigned NOT NULL AUTO_INCREMENT,
  `name` varchar(255) CHARACTER SET utf8 COLLATE utf8_unicode_ci NOT NULL,
  PRIMARY KEY (`id`),
  UNIQUE KEY `name` (`name`)
) ENGINE=InnoDB AUTO_INCREMENT=3 DEFAULT CHARSET=utf8 COLLATE=utf8_unicode_ci;
/*!40101 SET character_set_client = @saved_cs_client */;

--
-- Dumping data for table `operation_types`
--

LOCK TABLES `operation_types` WRITE;
/*!40000 ALTER TABLE `operation_types` DISABLE KEYS */;
INSERT INTO `operation_types` VALUES (2,'credited'),(1,'debited');
/*!40000 ALTER TABLE `operation_types` ENABLE KEYS */;
UNLOCK TABLES;

--
-- Table structure for table `operations`
--

DROP TABLE IF EXISTS `operations`;
/*!40101 SET @saved_cs_client     = @@character_set_client */;
/*!50503 SET character_set_client = utf8mb4 */;
CREATE TABLE `operations` (
  `id` int(10) unsigned NOT NULL,
  `count_id` int(10) unsigned NOT NULL,
  `payment_amount` int(10) unsigned NOT NULL,
  `operation_status_id` int(10) unsigned NOT NULL,
  `comment` varchar(255) CHARACTER SET utf8 COLLATE utf8_unicode_ci NOT NULL,
  `operation_types_id` int(10) unsigned NOT NULL,
  `created_at` datetime DEFAULT CURRENT_TIMESTAMP,
  PRIMARY KEY (`id`),
  KEY `operations_operation_status_id_fk` (`operation_status_id`),
  KEY `operations_operation_types_id_fk` (`operation_types_id`),
  KEY `operations_count_id_fk` (`count_id`),
  CONSTRAINT `operations_count_id_fk` FOREIGN KEY (`count_id`) REFERENCES `counts` (`id`),
  CONSTRAINT `operations_operation_status_id_fk` FOREIGN KEY (`operation_status_id`) REFERENCES `operation_statuses` (`id`),
  CONSTRAINT `operations_operation_types_id_fk` FOREIGN KEY (`operation_types_id`) REFERENCES `operation_types` (`id`)
) ENGINE=InnoDB DEFAULT CHARSET=utf8 COLLATE=utf8_unicode_ci;
/*!40101 SET character_set_client = @saved_cs_client */;

--
-- Dumping data for table `operations`
--

LOCK TABLES `operations` WRITE;
/*!40000 ALTER TABLE `operations` DISABLE KEYS */;
INSERT INTO `operations` VALUES (1,1010,17,1,'Nostrum quis qui ut ut.',1,'2014-07-07 16:07:06'),(2,1026,7412027,2,'Eveniet sit voluptatem nesciunt.',2,'2013-06-28 11:53:00'),(3,1028,5,3,'Iusto in tenetur quia occaecati molestiae.',1,'1976-01-08 14:04:57'),(4,1062,95183,1,'Sit quis et rem mollitia et qui et.',2,'2010-08-06 19:47:59'),(5,1017,5368,2,'Cum pariatur et doloremque esse sunt qui eaque qui.',1,'1990-08-27 10:06:06'),(6,1039,3143086,3,'Iste beatae voluptatum vero deserunt ratione exercitationem.',2,'1995-01-10 08:07:46'),(7,1006,571089,1,'Esse nisi quae dicta illo veniam quaerat est quisquam.',1,'1996-11-28 15:07:06'),(8,1051,585537943,2,'Eos fugiat officia molestiae quis.',2,'1990-02-14 03:16:54'),(9,1028,8,3,'Ut est odio amet eos non.',1,'2004-03-06 06:48:33'),(10,1056,1014,1,'Magni nihil voluptatem provident.',2,'2018-01-15 07:48:19'),(11,1059,70106,2,'Doloremque atque et pariatur labore eos optio omnis.',1,'1994-11-29 15:23:48'),(12,1057,96,3,'Voluptates quo repudiandae ut odit in aut rem.',2,'1999-12-15 17:14:14'),(13,1039,310422971,1,'Officiis possimus pariatur ad est molestias et labore laborum.',1,'1980-08-19 03:31:14'),(14,1022,981,2,'Expedita voluptate repellendus iure assumenda ea.',2,'2017-03-13 07:04:33'),(15,1066,50439,3,'Aut vel est magnam.',1,'1991-06-09 06:09:18'),(16,1054,24118682,1,'Libero dignissimos culpa perferendis totam.',2,'2016-04-30 03:33:49'),(17,1002,366255,2,'Magnam et qui sequi dolore aut quis.',1,'2016-04-25 14:57:59'),(18,1058,6513058,3,'Repellendus ullam consequatur voluptate fugit ex.',2,'2015-02-25 10:30:12'),(19,1006,214,1,'Aut et odit dolorum non.',1,'2014-04-03 17:31:37'),(20,1068,6933480,2,'Ut dolor illum ea et.',2,'1995-11-24 14:06:41'),(21,1039,9186553,3,'Qui mollitia voluptatem rerum consequatur accusantium.',1,'2014-08-11 07:22:03'),(22,1065,910891,1,'Officiis ea voluptas voluptas ad nemo ea officia sunt.',2,'1991-09-22 08:59:08'),(23,1066,62014136,2,'Et quo quae id nobis maxime.',1,'1971-03-19 17:22:16'),(24,1068,462516257,3,'Ut vero dolorem cumque mollitia saepe est qui.',2,'2002-04-15 08:39:09'),(25,1069,8966,1,'Minus aut cum dolore saepe laudantium pariatur.',1,'1982-07-05 12:34:08'),(26,1004,1789,2,'Autem ratione asperiores fugiat nobis nemo.',2,'1990-12-16 12:44:29'),(27,1022,3917090,3,'Ipsa ex eos atque nesciunt est quia est dignissimos.',1,'2004-07-14 12:56:26'),(28,1027,52848,1,'Ut quo repudiandae aut eveniet sed.',2,'1994-01-06 16:46:32'),(29,1003,19,2,'Qui sint inventore nisi tenetur ratione est odio.',1,'1976-11-19 20:10:39'),(30,1002,500965457,3,'Fugiat tenetur voluptatum hic ab et et.',2,'2006-10-22 10:58:16'),(31,1003,10,1,'Quisquam quia corporis id eos.',1,'1986-09-16 18:15:59'),(32,1010,64857,2,'Dolorem qui cum est sed iure.',2,'2016-06-25 10:55:02'),(33,1041,69756,3,'Esse nesciunt et eos hic ipsum alias.',1,'2004-02-02 09:33:38'),(34,1037,2043,1,'Eligendi cupiditate vel accusantium id facere.',2,'2014-06-01 00:33:35'),(35,1060,972216,2,'Sunt veniam quidem quis vel et ex aut.',1,'2004-02-16 09:34:53'),(36,1048,8700,3,'Eos quas minus in voluptatem temporibus.',2,'1986-06-25 18:59:03'),(37,1063,46,1,'Provident quas voluptas repellendus qui.',1,'1971-01-22 17:48:07'),(38,1033,4698,2,'Repellendus sed aliquid nihil eum tenetur laborum.',2,'1981-11-07 02:30:14'),(39,1045,5,3,'Aperiam ipsum cumque quia voluptatem eum quia non.',1,'2005-03-07 02:45:46'),(40,1058,56495,1,'Neque pariatur ut at in voluptatem eveniet quam.',2,'2013-02-02 11:51:20'),(41,1015,4850,2,'Quia quisquam illo quaerat voluptatibus molestias est.',1,'2006-06-10 13:53:06'),(42,1041,819220,3,'In quisquam aut ut ea.',2,'2015-10-27 07:09:44'),(43,1020,4,1,'Voluptatem error enim tempora aspernatur deserunt.',1,'2009-04-27 10:10:47'),(44,1046,8120,2,'Vitae quas et est amet.',2,'1984-08-26 16:06:52'),(45,1034,624,3,'Occaecati ab laudantium est magnam odit unde.',1,'1997-06-20 14:20:52'),(46,1030,9509289,1,'Ea nemo saepe aut tenetur.',2,'1991-06-04 09:29:52'),(47,1048,52934,2,'Et nisi excepturi quam odio dicta eligendi.',1,'2003-11-01 22:41:07'),(48,1010,151681,3,'Unde deleniti ut fugiat repudiandae a nobis.',2,'1977-02-24 14:59:55'),(49,1047,8234,1,'Incidunt mollitia aut vel consequatur explicabo.',1,'1995-01-16 16:38:31'),(50,1066,23149,2,'Hic sunt maxime sed.',2,'1998-08-21 18:10:30'),(51,2053,74,3,'Sit incidunt ratione consequatur consectetur.',1,'2010-04-10 19:31:03'),(52,2046,55128,1,'Aut debitis modi repellendus earum ipsa error aut.',2,'2016-03-27 14:14:27'),(53,2072,7,2,'Ratione quod aut consequatur.',1,'1992-12-21 09:41:48'),(54,2068,1804,3,'Consectetur eum consequuntur voluptatem dolor aut nihil.',2,'2019-10-30 03:36:02'),(55,2044,2,1,'Quia velit est quo accusantium nesciunt quod unde praesentium.',1,'1970-07-29 20:35:57'),(56,2019,80963408,2,'Beatae nisi est modi est quas dolorum quidem.',2,'1994-04-23 00:21:54'),(57,2042,6051,3,'Similique quae deleniti ut officia ipsam alias.',1,'2006-02-04 08:50:21'),(58,2073,5891,1,'Amet et doloribus consequuntur voluptatibus accusamus culpa.',2,'1996-08-14 17:23:40'),(59,2006,58,2,'Eveniet libero nobis delectus earum deserunt cupiditate et sint.',1,'2019-12-25 16:05:03'),(60,2044,1304,3,'Odio et quam ad excepturi accusantium dolorem.',2,'2005-12-11 06:40:59'),(61,2048,67013,1,'Aut deleniti animi esse eum a.',1,'2002-08-24 06:34:15'),(62,2032,91166952,2,'Ea ut facilis nihil non.',2,'1975-02-01 07:33:35'),(63,2016,8847,3,'Earum unde sunt minima quis enim totam esse.',1,'1998-12-06 02:02:17'),(64,2063,323,1,'Aut magni omnis omnis officia qui.',2,'1989-03-15 06:39:01'),(65,2034,57180,2,'Enim et optio unde praesentium aspernatur rerum.',1,'1971-01-15 19:13:20'),(66,2060,967556,3,'Quaerat dolorem quo molestiae.',2,'1981-05-03 05:39:23'),(67,2040,450771,1,'Ipsam mollitia veniam rerum consequuntur maxime ipsum.',1,'1988-12-12 04:29:55'),(68,2021,4976404,2,'Et sint et veniam quia.',2,'1981-05-18 18:57:38'),(69,2064,110781,3,'Eos labore nihil molestiae voluptas quidem.',1,'1995-02-28 13:05:22'),(70,2024,23187,1,'Nobis quasi amet quae eaque repellat distinctio.',2,'1974-11-13 04:06:41'),(71,2007,5659,2,'Ipsum officia eius quod.',1,'2011-02-28 03:49:45'),(72,2042,5463713,3,'Itaque veritatis et adipisci iure laudantium officia.',2,'1998-02-22 04:06:30'),(73,2032,62,1,'Non cum sint illum nemo deleniti sequi.',1,'2010-02-28 15:31:15'),(74,2034,91609249,2,'Sit non repellat quam voluptatem possimus id.',2,'1990-10-28 15:28:12'),(75,2077,565590736,3,'Laboriosam ut saepe optio ex optio eos.',1,'2018-05-10 01:21:39'),(76,2047,6124,1,'Sunt unde minus quis dolorum magnam et vel.',2,'1991-07-07 02:34:34'),(77,2007,58,2,'Qui temporibus possimus ea laboriosam.',1,'2009-01-09 18:01:01'),(78,2050,5,3,'Ea nobis nihil deserunt dolor pariatur consequatur nam.',2,'1989-06-12 07:37:23'),(79,2073,5073,1,'In qui modi libero suscipit sit quia perspiciatis tempora.',1,'2008-08-17 22:38:09'),(80,2061,4394,2,'Beatae modi quibusdam possimus minima.',2,'1993-11-24 20:25:15'),(81,2008,38952383,3,'Ratione dicta consequatur et ipsa ipsum dolores.',1,'1989-03-09 06:01:06'),(82,2011,174015,1,'Voluptatem rem et nemo qui.',2,'1983-07-01 09:21:19'),(83,2034,1920,2,'Autem similique ut quidem ullam dolorum numquam.',1,'1980-08-02 02:23:59'),(84,2058,10408,3,'Delectus ipsam corporis doloribus.',2,'1985-01-21 05:26:37'),(85,2033,15,1,'Tempora eius sapiente distinctio eum recusandae est.',1,'2000-02-21 14:40:13'),(86,2072,747182,2,'Ut dignissimos non nobis a ab cum autem.',2,'2001-03-14 19:33:17'),(87,2024,41137,3,'Deserunt recusandae minus dolorem totam modi.',1,'2020-01-09 02:50:55'),(88,2060,957898,1,'Ad assumenda eos tempore.',2,'2008-06-07 21:39:10'),(89,2074,359493310,2,'Et exercitationem vero officiis est est odio et.',1,'1984-04-19 14:55:26'),(90,2036,547,3,'Et sed vitae perferendis quia.',2,'1995-08-23 17:08:52'),(91,2036,63,1,'Consequatur amet asperiores perspiciatis nemo occaecati quos magnam cupiditate.',1,'2009-06-06 17:56:59'),(92,2072,260041,2,'Est laborum dolorem rerum dolorem minus beatae debitis eos.',2,'1978-09-25 23:19:56'),(93,2020,6750,3,'Non ut occaecati vel ut doloremque.',1,'1989-09-26 21:35:49'),(94,2040,58,1,'Voluptatem possimus eum qui voluptatibus occaecati aut.',2,'1978-07-02 08:47:33'),(95,2063,2166113,2,'Corrupti eveniet repellat totam beatae quae nesciunt.',1,'1987-08-27 01:33:36'),(96,2041,67776,3,'Cum eum eaque est quasi sit.',2,'2008-01-27 00:43:31'),(97,2015,776133036,1,'Distinctio veritatis vel sint in et culpa totam.',1,'1997-03-22 22:04:38'),(98,2030,52363533,2,'Tempore aut totam ut est voluptatem ut ad.',2,'1985-01-31 17:40:44'),(99,2030,3582,3,'Possimus ut corporis in.',1,'1972-12-12 23:18:44'),(100,2059,177765,1,'Sint aut consectetur numquam et voluptate praesentium odit voluptatem.',2,'1988-02-11 08:44:35'),(101,3049,2633,2,'Nesciunt debitis sint ratione pariatur.',1,'2011-06-22 04:18:35'),(102,3066,568,3,'Doloremque porro explicabo alias et velit illo.',2,'1987-12-05 22:45:05'),(103,3027,702189,1,'Beatae omnis enim perspiciatis earum dolorem.',1,'1991-08-23 02:46:14'),(104,3014,95,2,'Voluptates ex eum dolore expedita odio occaecati.',2,'1988-10-24 16:26:43'),(105,3071,2588,3,'Consequuntur qui odit officia doloribus eos laboriosam.',1,'1996-08-27 23:33:51'),(106,3078,87,1,'Voluptatibus dolor sit non quos debitis aliquid et.',2,'1992-03-10 10:41:32'),(107,3017,1237,2,'Hic ad quo sit.',1,'1973-05-01 02:10:54'),(108,3009,57578,3,'Totam odit soluta neque vel.',2,'2011-07-05 01:49:48'),(109,3073,26162376,1,'Quia asperiores sint sed nihil libero.',1,'1972-02-22 13:58:20'),(110,3021,8422,2,'Vel et voluptatibus nemo aliquam.',2,'2018-10-11 03:03:13'),(111,3048,355963,3,'Corporis sed sed rerum ad enim.',1,'1978-07-21 18:43:29'),(112,3019,754176594,1,'Laborum enim fugit et ut tempora ut cum.',2,'1979-11-19 00:25:42'),(113,3031,8399,2,'Aut ratione pariatur dolores ab dolores a nostrum sed.',1,'1975-05-16 18:40:50'),(114,3020,6087,3,'Impedit saepe deleniti cum deleniti nostrum facilis ullam voluptatem.',2,'2004-03-05 09:09:55'),(115,3006,957,1,'Officia eum voluptatem aut.',1,'1974-02-14 21:41:16'),(116,3051,3,2,'Laudantium numquam expedita sapiente quo.',2,'2010-04-16 12:47:56'),(117,3001,1,3,'Et cupiditate officiis ut labore sed.',1,'2017-10-11 11:50:09'),(118,3012,21169,1,'Voluptatem dolor aliquid sunt dolore.',2,'1979-06-08 15:38:08'),(119,3055,6727,2,'Est molestiae aut excepturi deleniti impedit.',1,'2013-02-10 18:23:45'),(120,3001,61017,3,'Sunt et et dicta vitae aut ipsum eveniet.',2,'2014-11-02 13:19:44'),(121,3002,82702812,1,'Et qui magnam et fugiat qui saepe.',1,'1975-10-03 05:24:34'),(122,3005,38133781,2,'Neque voluptatibus vel exercitationem cumque.',2,'2012-09-11 22:04:19'),(123,3020,67060670,3,'Numquam atque praesentium quasi vel dicta accusantium.',1,'2007-08-20 09:19:37'),(124,3007,463792041,1,'Aliquam impedit unde placeat eius ut.',2,'1984-06-10 17:57:39'),(125,3056,7239,2,'Totam et voluptas blanditiis quae architecto sit aliquam.',1,'2001-04-08 17:35:02'),(126,3022,143921,3,'Voluptas corrupti cum alias perspiciatis nisi.',2,'1977-10-29 14:53:18'),(127,3023,8440,1,'Rem praesentium voluptatem voluptas voluptatem at sint ea repellat.',1,'1989-01-05 10:11:03'),(128,3047,588,2,'Sed non velit aut error cumque.',2,'1983-11-20 15:36:08'),(129,3007,880105,3,'Et voluptatem eius minima repudiandae aut.',1,'1991-01-12 06:50:58'),(130,3055,437760354,1,'Tempora asperiores est repellendus voluptatem.',2,'1999-07-08 15:44:17'),(131,3018,674363236,2,'Et minima in cumque veritatis.',1,'2006-04-13 19:28:42'),(132,3004,78628,3,'Est possimus labore dolor culpa.',2,'1988-03-09 19:09:42'),(133,3044,9137,1,'Veritatis dolorem mollitia accusantium blanditiis.',1,'1995-11-14 10:54:45'),(134,3052,35994352,2,'Sint ut ut laudantium ad nesciunt dolorum fugiat.',2,'2018-11-27 04:26:54'),(135,3050,2015,3,'Pariatur laborum id iste.',1,'2012-02-27 01:26:34'),(136,3015,4755,1,'Omnis et aut tempore rem dolores.',2,'1973-05-13 18:31:23'),(137,3002,351,2,'Et dolores est hic quisquam veniam.',1,'2003-11-08 06:37:48'),(138,3048,7732,3,'Et qui illo in ex quidem.',2,'1977-01-25 02:27:29'),(139,3074,427064864,1,'Nisi aut qui in laboriosam repellat doloribus.',1,'1996-03-03 21:42:50'),(140,3071,9,2,'Dolores voluptate possimus pariatur fuga doloremque ut accusantium sequi.',2,'1973-10-01 08:46:13'),(141,3052,51282,3,'Blanditiis quasi animi hic sint incidunt iure.',1,'1999-03-30 07:37:45'),(142,3050,6,1,'Aut excepturi consequatur inventore saepe.',2,'1974-11-09 22:30:15'),(143,3013,35600,2,'Deleniti aut expedita rerum.',1,'1984-03-26 13:46:50'),(144,3076,1372037,3,'Totam facere consequatur animi mollitia vitae.',2,'1992-06-01 13:33:30'),(145,3023,792,1,'Et iure sint laudantium facilis.',1,'1997-12-10 07:47:39'),(146,3045,99590,2,'Delectus ut dolore modi sint dolores odio voluptatum.',2,'2014-10-15 19:35:41'),(147,3022,481627,3,'Ut ipsum numquam repellat asperiores porro nam ad quia.',1,'2012-11-22 05:15:02'),(148,3022,89953,1,'Temporibus ratione sunt assumenda reprehenderit optio.',2,'1997-06-24 12:14:43'),(149,3033,75,2,'Corporis qui et vel et occaecati tenetur.',1,'1972-05-13 23:14:46'),(150,3021,948795,3,'Tempora illum et aliquid iste qui.',2,'1992-10-31 13:35:25'),(151,4007,40563953,1,'Dolore aut ex qui voluptatem fuga.',1,'2012-10-31 21:42:45'),(152,4047,5486,2,'Reiciendis voluptas voluptatibus sit voluptatibus et perferendis consequuntur commodi.',2,'2011-05-03 16:57:33'),(153,4072,4394,3,'Repellat pariatur sunt ullam repellendus non.',1,'2017-11-24 01:00:28'),(154,4070,429086,1,'Nobis excepturi rerum natus aut adipisci expedita.',2,'2007-10-22 09:43:05'),(155,4064,4,2,'Dolor tenetur id consequatur pariatur dolore pariatur.',1,'1971-04-08 10:57:27'),(156,4037,18582861,3,'Earum distinctio soluta sint.',2,'1997-01-20 08:03:23'),(157,4064,89965451,1,'Ut aut incidunt porro ut quibusdam quos ducimus.',1,'1991-08-03 10:29:56'),(158,4067,327261,2,'Cupiditate qui quam consequatur non sint dicta a.',2,'2018-10-31 20:07:15'),(159,4067,8773,3,'Vero est excepturi voluptas iusto excepturi blanditiis sunt id.',1,'1973-06-04 15:57:23'),(160,4064,4005255,1,'Earum non pariatur libero rerum.',2,'2014-02-17 01:26:07'),(161,4044,660725439,2,'Placeat magnam deserunt quae qui sed enim officia.',1,'1985-03-22 07:16:47'),(162,4030,683,3,'Fugiat hic hic ut qui alias.',2,'1980-02-24 12:17:41'),(163,4019,896882,1,'Sequi ut possimus voluptatem.',1,'1979-07-04 20:40:27'),(164,4007,1424841,2,'Quidem ut praesentium est suscipit consectetur illo.',2,'1972-02-03 08:02:18'),(165,4048,344788,3,'Eum quo sed culpa consequuntur voluptas.',1,'1999-05-27 16:44:02'),(166,4002,12376183,1,'Omnis cumque corporis et quia.',2,'1992-12-22 12:26:21'),(167,4012,675706,2,'Soluta quo temporibus laboriosam et quasi mollitia eius.',1,'1976-06-25 14:28:00'),(168,4056,7094,3,'Voluptas perferendis blanditiis quas et.',2,'1982-06-07 13:53:22'),(169,4023,804681,1,'Cum dolorum aut pariatur omnis est.',1,'1970-07-26 15:10:09'),(170,4023,369,2,'Eos suscipit rerum et nihil.',2,'2010-11-15 23:29:36'),(171,4045,286,3,'Quaerat officia recusandae ab quibusdam aliquid itaque.',1,'1993-06-01 10:37:55'),(172,4012,908340469,1,'Dolore temporibus quaerat ullam veritatis amet dolores magnam pariatur.',2,'2018-10-08 19:12:25'),(173,4072,4473625,2,'Voluptatem culpa voluptate quia.',1,'1991-06-12 12:04:37'),(174,4033,16652862,3,'Aut minima quo perspiciatis.',2,'1988-10-28 02:58:09'),(175,4021,730885948,1,'Minus accusamus ut nihil illo et.',1,'2015-12-22 23:47:28'),(176,4009,4,2,'Esse ut inventore nesciunt deleniti consequuntur sapiente necessitatibus.',2,'1984-08-02 06:11:26'),(177,4052,498731833,3,'Impedit minus sunt molestiae aperiam.',1,'1974-11-22 04:32:58'),(178,4018,8601370,1,'Similique molestiae doloremque rerum ullam neque ipsa aut.',2,'1996-03-06 20:48:03'),(179,4005,73,2,'Rerum ut quae consequatur et consequuntur enim.',1,'1988-08-25 05:55:00'),(180,4045,3419,3,'Maxime ut consequatur et ea est debitis.',2,'2014-12-16 21:08:31'),(181,4064,7,1,'Est inventore harum quibusdam dicta delectus aperiam.',1,'1971-02-18 09:19:20'),(182,4038,898725169,2,'Voluptatum corporis distinctio est in ut mollitia odio.',2,'2007-01-20 10:37:13'),(183,4072,6227181,3,'Dicta soluta optio tempore ipsum omnis nostrum quia.',1,'1975-09-08 19:43:34'),(184,4029,290358,1,'Dolorem est eos neque ratione quo blanditiis consequuntur.',2,'1988-02-09 02:40:02'),(185,4035,5692095,2,'Qui quisquam sit alias explicabo.',1,'2014-06-01 23:39:13'),(186,4061,571399,3,'Et ea ut quo voluptas rem ipsam nesciunt.',2,'1998-09-20 15:04:26'),(187,4013,7,1,'Totam mollitia occaecati tempore expedita temporibus et.',1,'1993-03-06 05:32:54'),(188,4028,99422710,2,'Perspiciatis perspiciatis maiores dolor corporis architecto provident.',2,'1995-02-06 11:02:37'),(189,4029,5816,3,'Veritatis mollitia cumque ea eum.',1,'1983-01-10 11:45:55'),(190,4060,289106050,1,'Magni neque qui earum consequatur recusandae.',2,'2011-09-06 11:24:20'),(191,4069,26,2,'Culpa illum veritatis earum ipsam omnis repudiandae.',1,'1983-05-02 23:15:35'),(192,4021,21246,3,'Soluta distinctio voluptate consequatur id sit ipsum.',2,'1999-03-17 04:11:46'),(193,4042,85,1,'Maxime ratione fugiat dolores tempora cupiditate ipsam autem dolor.',1,'1994-04-07 15:11:51'),(194,4004,8918,2,'Doloremque sed ut ratione aut.',2,'1997-08-14 18:55:02'),(195,4038,7,3,'Consectetur provident dolores laborum asperiores.',1,'1990-04-27 16:27:46'),(196,4033,2364256,1,'Iure consequuntur suscipit neque facilis et facilis excepturi.',2,'1984-03-17 01:29:03'),(197,4051,53281,2,'Dicta sit laborum ipsa molestiae sunt vel.',1,'1989-10-24 10:52:19'),(198,4012,8820,3,'Occaecati aperiam omnis est sequi omnis corrupti.',2,'1984-07-20 21:20:53'),(199,4054,822,1,'Voluptatum in dolores occaecati dolorem impedit.',1,'1978-05-29 21:54:50'),(200,4015,6654,2,'Dolorem maxime pariatur rem sit consequatur quia.',2,'1995-04-05 06:20:10');
/*!40000 ALTER TABLE `operations` ENABLE KEYS */;
UNLOCK TABLES;

--
-- Table structure for table `profiles`
--

DROP TABLE IF EXISTS `profiles`;
/*!40101 SET @saved_cs_client     = @@character_set_client */;
/*!50503 SET character_set_client = utf8mb4 */;
CREATE TABLE `profiles` (
  `user_id` int(10) unsigned NOT NULL AUTO_INCREMENT,
  `birthdate` date DEFAULT NULL,
  `sex` char(1) CHARACTER SET utf8 COLLATE utf8_unicode_ci NOT NULL,
  `city` varchar(100) CHARACTER SET utf8 COLLATE utf8_unicode_ci NOT NULL,
  `country` varchar(100) CHARACTER SET utf8 COLLATE utf8_unicode_ci NOT NULL,
  `created_at` datetime DEFAULT CURRENT_TIMESTAMP,
  `updated_at` datetime DEFAULT CURRENT_TIMESTAMP ON UPDATE CURRENT_TIMESTAMP,
  PRIMARY KEY (`user_id`),
  KEY `profiles_birhdate_idx` (`birthdate`),
  KEY `profiles_city_idx` (`city`),
  CONSTRAINT `profiles_user_id_fk` FOREIGN KEY (`user_id`) REFERENCES `users` (`id`) ON DELETE CASCADE
) ENGINE=InnoDB AUTO_INCREMENT=101 DEFAULT CHARSET=utf8 COLLATE=utf8_unicode_ci;
/*!40101 SET character_set_client = @saved_cs_client */;

--
-- Dumping data for table `profiles`
--

LOCK TABLES `profiles` WRITE;
/*!40000 ALTER TABLE `profiles` DISABLE KEYS */;
INSERT INTO `profiles` VALUES (1,'2000-05-26','f','Lempifort','Sri Lanka','2000-05-26 06:44:44','2020-03-01 13:26:59'),(2,'1984-12-22','f','Feeneyfort','Panama','1986-09-19 12:12:20','2020-03-01 13:26:59'),(3,'1977-12-04','f','Port Evalynhaven','Gibraltar','2014-12-14 07:57:23','2020-03-01 13:26:59'),(4,'1973-07-15','f','Raeganland','Aruba','1973-07-15 19:43:44','2020-03-01 13:26:59'),(5,'1971-03-18','f','New Terry','Fiji','1971-03-18 22:26:23','2020-03-01 13:26:59'),(6,'1980-12-21','f','Okeytown','Guernsey','1980-12-21 15:54:21','2020-03-01 13:26:59'),(7,'1979-07-13','f','Gudruntown','Reunion','2009-11-04 22:32:57','2020-03-01 13:26:59'),(8,'1993-06-28','f','Zenaton','Mali','1993-06-28 00:38:39','2020-03-01 13:26:59'),(9,'1984-01-20','f','West Matt','Sweden','2019-12-05 07:24:29','2020-03-01 13:26:59'),(10,'1985-10-15','f','New Breanaland','Iceland','1985-10-15 20:58:27','2020-03-01 13:26:59'),(11,'1982-12-15','f','North Demarcustown','Madagascar','1982-12-15 17:22:09','2020-03-01 13:26:59'),(12,'1973-01-08','f','North Bobbie','Guatemala','1973-01-08 06:01:22','2020-03-01 13:26:59'),(13,'1983-09-10','f','Lewfort','Ireland','1994-02-17 19:07:50','2020-03-01 13:26:59'),(14,'1977-12-26','f','West Ryleigh','Eritrea','2012-03-18 17:09:21','2020-03-01 13:26:59'),(15,'1975-11-15','f','Towneview','Eritrea','1983-11-14 02:26:43','2020-03-01 13:26:59'),(16,'1975-02-06','f','Ritastad','Svalbard & Jan Mayen Islands','1982-05-04 01:15:18','2020-03-01 13:26:59'),(17,'2004-10-11','f','Lake Elissamouth','China','2004-10-11 10:09:43','2020-03-01 13:26:59'),(18,'1975-04-29','f','Dorotheaton','Dominican Republic','1975-04-29 00:04:29','2020-03-01 13:26:59'),(19,'2003-11-28','f','South Una','Belarus','2003-11-28 02:18:02','2020-03-01 13:26:59'),(20,'1988-01-18','f','Lebsackton','Cambodia','2007-07-16 04:13:45','2020-03-01 13:26:59'),(21,'1976-04-05','m','Kertzmanntown','Barbados','1976-04-05 23:53:43','2020-03-01 13:27:16'),(22,'2004-03-30','m','Ellenberg','Bulgaria','2004-03-30 22:32:04','2020-03-01 13:27:16'),(23,'1980-04-05','m','East Nathaniel','Lao People\'s Democratic Republic','2012-02-10 13:27:16','2020-03-01 13:27:16'),(24,'1994-12-10','m','Port Clotilde','Yemen','2016-12-23 04:19:47','2020-03-01 13:27:16'),(25,'1977-07-13','m','North Lydia','Saint Pierre and Miquelon','2016-05-14 07:42:08','2020-03-01 13:27:16'),(26,'1981-06-27','m','Imaniberg','Lesotho','1981-06-27 02:49:01','2020-03-01 13:27:16'),(27,'1978-08-24','m','Abdullahview','Australia','1978-08-24 04:03:56','2020-03-01 13:27:16'),(28,'1975-09-12','m','Crooksmouth','Cocos (Keeling) Islands','1975-09-12 07:06:55','2020-03-01 13:27:16'),(29,'2011-11-21','m','Dwightfurt','Norfolk Island','2011-11-21 09:55:29','2020-03-01 13:27:16'),(30,'1978-08-08','m','Anneside','Brazil','2011-03-10 23:22:19','2020-03-01 13:27:16'),(31,'1988-07-21','m','New Dale','Yemen','1988-07-21 13:25:32','2020-03-01 13:27:16'),(32,'1972-07-18','m','Johnsbury','Central African Republic','1972-07-18 08:12:48','2020-03-01 13:27:16'),(33,'1982-08-30','m','Port Francisport','Barbados','1982-08-30 00:22:55','2020-03-01 13:27:16'),(34,'2014-10-22','m','Marielaton','Dominica','2014-10-22 11:50:23','2020-03-01 13:27:16'),(35,'2004-08-18','m','North Lawrenceshire','Bouvet Island (Bouvetoya)','2011-12-07 16:54:05','2020-03-01 13:27:16'),(36,'1982-06-20','m','North Selmer','Togo','1982-06-20 15:48:24','2020-03-01 13:27:16'),(37,'1975-11-27','m','South Shyanne','Solomon Islands','1975-11-27 14:51:42','2020-03-01 13:27:16'),(38,'2018-01-26','m','New Marie','Georgia','2018-01-26 04:03:13','2020-03-01 13:27:16'),(39,'1996-09-13','m','East Bradyborough','Nauru','2012-12-19 19:41:52','2020-03-01 13:27:16'),(40,'1989-04-28','m','Lake Libby','Yemen','1989-04-28 17:33:12','2020-03-01 13:27:16'),(41,'2012-01-23','f','New Blanche','Turkey','2017-09-27 08:23:06','2020-03-01 13:27:34'),(42,'1982-08-09','f','Alvisfurt','Kazakhstan','1990-04-22 23:04:17','2020-03-01 13:27:34'),(43,'2010-01-29','f','Lake Margaret','Suriname','2010-01-29 06:00:58','2020-03-01 13:27:34'),(44,'1989-04-01','f','Streichland','Dominica','1989-04-01 02:04:00','2020-03-01 13:27:34'),(45,'1998-04-07','f','Gloverside','Svalbard & Jan Mayen Islands','2000-09-19 13:19:58','2020-03-01 13:27:34'),(46,'1972-04-09','f','East Weston','Saint Martin','1972-04-09 12:24:56','2020-03-01 13:27:34'),(47,'1990-11-04','f','Veronicafurt','Norway','2004-03-17 22:00:56','2020-03-01 13:27:34'),(48,'1978-11-03','f','West Melyna','Tokelau','1978-11-03 21:30:15','2020-03-01 13:27:34'),(49,'1978-06-12','f','Feliciachester','Aruba','2018-07-10 12:41:11','2020-03-01 13:27:34'),(50,'1992-08-23','f','Sipestown','Honduras','1992-08-23 17:04:40','2020-03-01 13:27:34'),(51,'1984-12-29','f','Krisville','China','1984-12-29 07:48:55','2020-03-01 13:27:34'),(52,'1979-01-05','f','North Callieberg','Ethiopia','2016-07-23 06:04:31','2020-03-01 13:27:34'),(53,'1971-08-09','f','North Vadahaven','Bahamas','1971-08-09 14:02:44','2020-03-01 13:27:34'),(54,'1976-03-19','f','Bodeshire','Japan','2001-02-19 12:00:56','2020-03-01 13:27:34'),(55,'1977-01-15','f','South Kaceychester','San Marino','1977-01-15 11:36:20','2020-03-01 13:27:34'),(56,'1988-06-16','f','New Amparohaven','Guernsey','1988-06-16 08:12:13','2020-03-01 13:27:34'),(57,'1973-11-02','f','East Wilson','China','1973-11-02 11:00:36','2020-03-01 13:27:34'),(58,'2002-09-22','f','New Jaclynberg','Tunisia','2002-09-22 20:36:50','2020-03-01 13:27:34'),(59,'1997-04-30','f','Lake Morgan','Myanmar','1997-04-30 09:43:32','2020-03-01 13:27:34'),(60,'1972-05-26','f','South Lavern','Guam','1992-08-31 13:25:49','2020-03-01 13:27:34'),(61,'1985-02-01','m','North Robbie','Myanmar','2017-02-26 09:13:56','2020-03-01 13:27:46'),(62,'1995-09-11','m','West Juanita','Austria','1995-09-11 12:45:17','2020-03-01 13:27:46'),(63,'1982-10-08','m','Macihaven','Namibia','1982-10-08 09:23:36','2020-03-01 13:27:46'),(64,'1971-12-16','m','Homenickville','South Georgia and the South Sandwich Islands','1971-12-16 23:37:04','2020-03-01 13:27:46'),(65,'1995-10-02','m','Port Royce','French Polynesia','2014-03-20 13:53:28','2020-03-01 13:27:46'),(66,'2012-04-30','m','South Hazlemouth','Morocco','2012-04-30 00:15:47','2020-03-01 13:27:46'),(67,'1978-05-11','m','Rueckerside','Ethiopia','1988-06-15 23:37:28','2020-03-01 13:27:46'),(68,'1982-03-06','m','Selmerberg','Malta','1994-04-28 04:16:39','2020-03-01 13:27:46'),(69,'1983-12-29','m','Kautzermouth','Guyana','1983-12-29 07:20:25','2020-03-01 13:27:46'),(70,'1994-05-24','m','Bahringerhaven','Lebanon','1994-05-24 12:22:36','2020-03-01 13:27:46'),(71,'2001-04-11','m','South Drewberg','Benin','2002-04-30 10:08:38','2020-03-01 13:27:46'),(72,'2009-05-04','m','Elmerburgh','Singapore','2016-03-10 00:29:03','2020-03-01 13:27:46'),(73,'2010-12-26','m','Lake Brooklynshire','Comoros','2020-02-18 09:22:38','2020-03-01 13:27:46'),(74,'1975-09-04','m','East Ronny','United Arab Emirates','1975-09-04 16:59:00','2020-03-01 13:27:46'),(75,'1990-02-05','m','Kennediport','Gibraltar','1991-04-12 21:40:10','2020-03-01 13:27:46'),(76,'1979-01-06','m','North Ryann','Wallis and Futuna','1998-12-07 03:16:01','2020-03-01 13:27:46'),(77,'1973-08-31','m','Trompmouth','Croatia','2012-01-05 00:18:35','2020-03-01 13:27:46'),(78,'1975-05-30','m','Hilbertside','Benin','1978-04-28 04:11:03','2020-03-01 13:27:46'),(79,'2008-01-28','m','Wolfhaven','Uganda','2008-01-28 11:11:39','2020-03-01 13:27:46'),(80,'1977-10-04','m','New Vicenta','Montserrat','1984-10-04 02:45:13','2020-03-01 13:27:46'),(81,'1982-09-05','f','New Ila','Slovenia','1982-09-05 17:35:16','2020-03-01 13:28:12'),(82,'1975-10-12','f','Kimside','Saint Martin','1975-10-12 06:16:40','2020-03-01 13:28:12'),(83,'1985-03-01','f','West Rosendo','Switzerland','2000-09-05 20:14:16','2020-03-01 13:28:12'),(84,'1991-07-14','f','Rebecaberg','Mauritania','2005-03-20 12:12:32','2020-03-01 13:28:12'),(85,'1981-04-08','f','East Rubye','Cocos (Keeling) Islands','1981-04-08 16:01:16','2020-03-01 13:28:12'),(86,'1986-04-17','f','Elsiemouth','Netherlands Antilles','2002-06-24 22:32:23','2020-03-01 13:28:12'),(87,'1999-12-30','f','North Billieburgh','Wallis and Futuna','1999-12-30 20:02:30','2020-03-01 13:28:12'),(88,'1999-07-01','f','East Lorenz','Uzbekistan','1999-07-01 14:16:46','2020-03-01 13:28:12'),(89,'1998-06-08','f','North Katrina','Aruba','2008-04-17 05:30:56','2020-03-01 13:28:12'),(90,'2011-01-26','f','Howellfurt','Portugal','2011-01-26 11:28:30','2020-03-01 13:28:12'),(91,'1977-02-25','f','Smithamhaven','Saint Pierre and Miquelon','1977-02-25 18:26:56','2020-03-01 13:28:12'),(92,'1984-01-30','f','Port Aftonfurt','New Zealand','1984-01-30 20:00:11','2020-03-01 13:28:12'),(93,'1974-04-21','f','West Emiliochester','Malta','1974-04-21 01:41:38','2020-03-01 13:28:12'),(94,'1977-03-23','f','Alyssonstad','French Guiana','1977-03-23 10:35:27','2020-03-01 13:28:12'),(95,'2012-12-29','f','New Giovanna','Cocos (Keeling) Islands','2019-08-26 06:35:33','2020-03-01 13:28:12'),(96,'1970-04-25','f','Okeyfurt','Lesotho','1976-05-14 21:06:01','2020-03-01 13:28:12'),(97,'1993-09-13','f','Lake Amiya','Cuba','2004-08-26 01:16:10','2020-03-01 13:28:12'),(98,'1970-10-10','f','Sauermouth','Cayman Islands','1970-10-10 03:56:37','2020-03-01 13:28:12'),(99,'1971-01-19','f','Naderside','United Kingdom','2017-05-13 05:22:25','2020-03-01 13:28:12'),(100,'1998-10-13','m','Lake Loren','El Salvador','2019-06-16 19:25:24','2020-03-01 13:28:58');
/*!40000 ALTER TABLE `profiles` ENABLE KEYS */;
UNLOCK TABLES;

--
-- Table structure for table `users`
--

DROP TABLE IF EXISTS `users`;
/*!40101 SET @saved_cs_client     = @@character_set_client */;
/*!50503 SET character_set_client = utf8mb4 */;
CREATE TABLE `users` (
  `id` int(10) unsigned NOT NULL AUTO_INCREMENT,
  `first_name` varchar(100) CHARACTER SET utf8 COLLATE utf8_unicode_ci NOT NULL,
  `last_name` varchar(100) CHARACTER SET utf8 COLLATE utf8_unicode_ci NOT NULL,
  `email` varchar(100) CHARACTER SET utf8 COLLATE utf8_unicode_ci NOT NULL,
  `phone_number` int(50) NOT NULL,
  `login` varchar(255) CHARACTER SET utf8 COLLATE utf8_unicode_ci NOT NULL,
  `created_at` datetime DEFAULT CURRENT_TIMESTAMP,
  `updated_at` datetime DEFAULT CURRENT_TIMESTAMP ON UPDATE CURRENT_TIMESTAMP,
  PRIMARY KEY (`id`),
  KEY `users_email_idx` (`email`),
  KEY `users_last_name_idx` (`last_name`)
) ENGINE=InnoDB AUTO_INCREMENT=101 DEFAULT CHARSET=utf8 COLLATE=utf8_unicode_ci;
/*!40101 SET character_set_client = @saved_cs_client */;

--
-- Dumping data for table `users`
--

LOCK TABLES `users` WRITE;
/*!40000 ALTER TABLE `users` DISABLE KEYS */;
INSERT INTO `users` VALUES (1,'Domingo','Spinka','jed34@example.com',810340328,'commodi','2004-01-28 17:15:45','2020-03-01 13:21:29'),(2,'Kendall','Schultz','luettgen.cory@example.org',370884195,'magni','1997-11-28 07:34:13','2020-03-01 13:21:29'),(3,'Miller','Lockman','dereck90@example.com',423400019,'voluptatem','1993-06-07 18:47:42','2020-03-01 13:21:29'),(4,'Stacey','Glover','zhills@example.com',4347542,'eligendi','1990-10-23 10:31:50','2020-03-01 13:21:29'),(5,'William','O\'Reilly','neoma.white@example.org',751537682,'rerum','1978-12-09 22:24:17','2020-03-01 13:21:29'),(6,'Dario','Kub','dee.barton@example.net',744645814,'optio','2004-07-10 08:18:57','2020-03-01 13:21:29'),(7,'Larry','Marvin','rkuhic@example.com',468616053,'porro','1997-04-18 04:37:37','2020-03-01 13:21:29'),(8,'Anjali','Pacocha','elmore.beier@example.org',109142856,'ratione','1981-12-18 22:16:57','2020-03-01 13:21:29'),(9,'Maye','Brakus','stacy.nitzsche@example.net',139866152,'perferendis','2012-11-23 14:28:56','2020-03-01 13:21:29'),(10,'Kathlyn','Koepp','macy.quigley@example.com',371902219,'quia','2015-07-21 04:09:13','2020-03-01 13:21:29'),(11,'Susie','Jones','gzboncak@example.com',439912670,'beatae','1995-03-09 03:58:20','2020-03-01 13:21:29'),(12,'Clifton','Littel','juliet88@example.net',83856725,'quam','1980-09-23 14:45:46','2020-03-01 13:21:29'),(13,'Haylee','Shanahan','derek01@example.org',99545643,'et','1970-05-09 10:40:06','2020-03-01 13:21:29'),(14,'Pauline','Lesch','ebrakus@example.com',246158073,'blanditiis','1997-04-19 20:31:59','2020-03-01 13:21:29'),(15,'Mona','Schaefer','jacobs.kian@example.net',932153463,'eum','1983-05-28 04:07:35','2020-03-01 13:21:29'),(16,'Lucio','Bergstrom','rylan74@example.com',922293127,'unde','1979-06-25 20:23:34','2020-03-01 13:21:29'),(17,'Americo','Kovacek','joshuah71@example.net',815005277,'quas','1994-10-17 21:13:36','2020-03-01 13:21:29'),(18,'Keaton','Berge','romaguera.rozella@example.org',308147033,'voluptatem','1993-03-01 20:33:42','2020-03-01 13:21:29'),(19,'Juwan','Smitham','genesis.hodkiewicz@example.org',95719363,'magnam','1985-09-18 17:08:46','2020-03-01 13:21:29'),(20,'Tia','Gutmann','mohamed.rodriguez@example.org',554155748,'et','2001-02-15 02:35:27','2020-03-01 13:21:29'),(21,'Liana','Daugherty','cummings.kevon@example.com',483620683,'laboriosam','1989-03-26 12:09:37','2020-03-01 13:21:29'),(22,'Dixie','Schumm','mable52@example.com',755636199,'eos','2007-02-19 20:21:47','2020-03-01 13:21:29'),(23,'Vella','Rohan','hnolan@example.com',327318976,'magnam','2019-03-16 02:44:17','2020-03-01 13:21:29'),(24,'Haylie','O\'Reilly','fcorkery@example.net',369686312,'eos','2001-08-17 02:15:29','2020-03-01 13:21:29'),(25,'Favian','McKenzie','jonas.altenwerth@example.net',866474663,'occaecati','2018-01-28 02:50:05','2020-03-01 13:21:29'),(26,'Jakob','Davis','wolff.jaylon@example.com',223314411,'eum','1989-08-19 08:44:32','2020-03-01 13:21:29'),(27,'Nikki','Bernier','mthiel@example.com',517148094,'voluptatem','1997-07-21 14:15:38','2020-03-01 13:21:29'),(28,'Ellie','Ondricka','xreilly@example.net',915797269,'dolor','1978-09-27 00:50:12','2020-03-01 13:21:29'),(29,'Jerry','Stroman','uhahn@example.org',27542094,'quia','1999-10-24 07:28:29','2020-03-01 13:21:29'),(30,'Aaron','Mertz','burdette.roob@example.net',390318694,'accusantium','2009-08-23 21:24:27','2020-03-01 13:21:29'),(31,'Buddy','Wisozk','jared.schimmel@example.com',868967215,'beatae','2010-03-18 21:32:03','2020-03-01 13:21:29'),(32,'Karelle','Rempel','jasper.boehm@example.net',173880025,'fuga','1983-08-20 02:05:26','2020-03-01 13:21:29'),(33,'June','Hoeger','bettye.cruickshank@example.com',262498508,'autem','1995-01-23 05:30:37','2020-03-01 13:21:29'),(34,'Gustave','Littel','alene01@example.com',790852497,'sequi','2014-02-24 07:12:35','2020-03-01 13:21:29'),(35,'Creola','Langworth','greilly@example.com',166766990,'reprehenderit','2018-12-04 06:34:13','2020-03-01 13:21:29'),(36,'Weldon','Bernhard','phalvorson@example.com',461277489,'et','1992-01-09 08:18:19','2020-03-01 13:21:29'),(37,'Ronaldo','Cole','lueilwitz.seth@example.net',806086504,'quas','2010-03-15 04:19:26','2020-03-01 13:21:29'),(38,'Celestine','Goyette','vkirlin@example.org',646600085,'et','1977-06-23 20:54:02','2020-03-01 13:21:29'),(39,'Schuyler','Swift','ward.jacklyn@example.net',814740945,'blanditiis','1982-01-10 02:50:40','2020-03-01 13:21:29'),(40,'Curt','Bartoletti','beth33@example.org',133904499,'molestiae','1991-12-12 18:27:24','2020-03-01 13:21:29'),(41,'Miles','Treutel','bria.schmeler@example.org',225299689,'vel','1991-08-29 11:21:59','2020-03-01 13:21:29'),(42,'Diana','Ullrich','aboyer@example.com',724784978,'eaque','1992-08-13 20:22:49','2020-03-01 13:21:29'),(43,'Ola','Quitzon','hazel42@example.com',948025854,'sit','2013-02-18 12:18:10','2020-03-01 13:21:29'),(44,'Anissa','Hettinger','gina08@example.net',565774365,'dolore','2005-08-25 19:51:39','2020-03-01 13:21:29'),(45,'Marietta','Boyer','hettinger.helena@example.net',984794296,'quia','1978-09-22 15:52:26','2020-03-01 13:21:29'),(46,'Sienna','Breitenberg','trinity62@example.net',226648413,'quibusdam','2014-01-27 04:34:32','2020-03-01 13:21:29'),(47,'Grace','Johnston','jdaniel@example.net',178859209,'sit','1971-02-22 20:26:58','2020-03-01 13:21:29'),(48,'Guadalupe','Kris','ghowell@example.net',214350837,'quo','1976-11-01 21:57:08','2020-03-01 13:21:29'),(49,'Domingo','Kutch','clementine33@example.com',535176587,'et','2018-03-06 09:14:02','2020-03-01 13:21:29'),(50,'Leon','Kassulke','uprice@example.net',32830456,'commodi','2000-07-18 04:40:05','2020-03-01 13:21:29'),(51,'Maria','Green','schneider.gaston@example.net',558622548,'doloremque','1982-11-07 04:53:08','2020-03-01 13:21:29'),(52,'Janick','Johns','billie55@example.com',694621400,'consequatur','1988-09-12 21:41:43','2020-03-01 13:21:29'),(53,'Wilson','Willms','loyce70@example.net',797239389,'quia','2016-05-06 04:33:43','2020-03-01 13:21:29'),(54,'Bell','Strosin','alexzander.king@example.org',902332773,'commodi','2006-01-08 08:26:45','2020-03-01 13:21:29'),(55,'Brandy','Funk','armand49@example.org',119945729,'perspiciatis','1975-12-27 07:18:19','2020-03-01 13:21:29'),(56,'Ewald','Osinski','quitzon.providenci@example.com',892730356,'sunt','1989-12-07 07:22:49','2020-03-01 13:21:29'),(57,'Robert','Stoltenberg','rohan.patience@example.net',103814622,'aut','1980-08-11 06:26:16','2020-03-01 13:21:29'),(58,'Lon','Schiller','rsauer@example.org',840882074,'et','1975-01-25 10:42:42','2020-03-01 13:21:29'),(59,'Audrey','Streich','lamont.schamberger@example.net',892966532,'nostrum','2016-11-30 16:46:46','2020-03-01 13:21:29'),(60,'Jeff','Rempel','monica.smith@example.com',942186468,'dolor','1999-10-01 20:03:03','2020-03-01 13:21:29'),(61,'Kiley','Langosh','mante.dasia@example.org',32032774,'soluta','2004-09-06 14:13:16','2020-03-01 13:21:29'),(62,'Godfrey','Murphy','ayla.jones@example.net',333604499,'amet','1984-05-30 07:27:25','2020-03-01 13:21:29'),(63,'Micah','Volkman','maeve.tremblay@example.com',571924200,'sed','1982-01-13 22:56:02','2020-03-01 13:21:29'),(64,'Elnora','Ebert','monte.jakubowski@example.org',858807536,'velit','1971-03-18 10:01:43','2020-03-01 13:21:29'),(65,'Sabina','Ortiz','usipes@example.com',578265110,'id','1998-12-19 14:26:49','2020-03-01 13:21:29'),(66,'Jason','Hegmann','amy.mccullough@example.org',314902972,'iusto','1984-11-08 10:46:02','2020-03-01 13:21:29'),(67,'Vena','Quigley','candido02@example.com',839719561,'omnis','2017-09-24 23:50:29','2020-03-01 13:21:29'),(68,'Irwin','Jacobi','ugleichner@example.net',253888920,'facere','2008-02-23 19:18:28','2020-03-01 13:21:29'),(69,'Carey','Terry','elenora49@example.net',750285945,'ex','1998-06-26 03:07:39','2020-03-01 13:21:29'),(70,'Wilhelmine','Sawayn','sanford.onie@example.net',989762997,'accusamus','1990-12-14 18:38:39','2020-03-01 13:21:29'),(71,'Sammy','Bashirian','jovani.wuckert@example.com',697957179,'et','2011-10-22 11:22:19','2020-03-01 13:21:29'),(72,'Maximillian','Rowe','walker.selena@example.org',520496934,'aut','1997-08-13 14:10:33','2020-03-01 13:21:29'),(73,'Gardner','O\'Conner','furman30@example.com',508613163,'expedita','2008-07-12 13:39:24','2020-03-01 13:21:29'),(74,'Dedrick','D\'Amore','andy59@example.net',981575042,'architecto','1988-01-14 02:22:05','2020-03-01 13:21:29'),(75,'Theodora','Anderson','qjakubowski@example.com',382035755,'qui','2019-10-02 06:22:36','2020-03-01 13:21:29'),(76,'Murl','Stokes','gbruen@example.org',965453675,'cumque','2003-07-09 07:42:41','2020-03-01 13:21:29'),(77,'Cletus','Schuster','jennyfer.satterfield@example.com',681161144,'ea','2014-07-16 07:48:22','2020-03-01 13:21:29'),(78,'Jackson','Witting','carol.daniel@example.org',509444724,'sit','1993-03-09 19:07:05','2020-03-01 13:21:29'),(79,'Hazle','Schiller','alycia52@example.net',503740218,'vitae','2014-10-14 08:23:34','2020-03-01 13:21:29'),(80,'Sonya','Kilback','griffin22@example.com',990366946,'pariatur','1984-11-03 05:24:30','2020-03-01 13:21:29'),(81,'Amiya','Johns','johathan11@example.org',440614110,'soluta','1981-04-28 21:28:59','2020-03-01 13:21:29'),(82,'Robin','Runolfsdottir','koby47@example.com',231969740,'repellat','1984-06-21 07:53:40','2020-03-01 13:21:29'),(83,'Wendy','Crooks','vern.block@example.net',838006401,'modi','2011-12-07 17:16:17','2020-03-01 13:21:29'),(84,'Tevin','Lockman','chet71@example.com',494122814,'facilis','1986-11-24 13:07:15','2020-03-01 13:21:29'),(85,'Raphael','Kiehn','wunsch.lelah@example.net',956594900,'voluptates','2004-01-23 14:31:33','2020-03-01 13:21:29'),(86,'Mckenzie','Hayes','amanda.kuvalis@example.org',300606086,'atque','1970-12-15 17:33:57','2020-03-01 13:21:29'),(87,'Alyce','Watsica','samson.kautzer@example.net',633245760,'aut','1980-03-01 16:22:26','2020-03-01 13:21:29'),(88,'Name','Durgan','edgardo25@example.com',264410572,'soluta','2010-10-07 02:20:11','2020-03-01 13:21:29'),(89,'Colleen','Dickens','pdouglas@example.com',422315611,'quam','2001-08-27 01:30:59','2020-03-01 13:21:29'),(90,'Parker','Runolfsson','gage53@example.com',318346367,'illo','2002-09-01 03:09:26','2020-03-01 13:21:29'),(91,'Shaun','Bogan','kschneider@example.net',324785034,'est','1992-02-11 19:52:39','2020-03-01 13:21:29'),(92,'Gussie','Wilkinson','alana.grant@example.net',668886099,'laudantium','1985-12-18 14:31:54','2020-03-01 13:21:29'),(93,'Tara','Bogan','francesco79@example.org',370075424,'odio','2013-01-04 12:36:01','2020-03-01 13:21:29'),(94,'Madaline','Jacobs','qmurazik@example.net',843718853,'omnis','1994-08-15 12:13:33','2020-03-01 13:21:29'),(95,'Art','Rosenbaum','chelsea.hudson@example.net',108368024,'quis','2013-07-24 04:38:03','2020-03-01 13:21:29'),(96,'Alana','Legros','fvon@example.org',10683590,'ipsam','1991-11-09 06:33:41','2020-03-01 13:21:29'),(97,'Lonnie','O\'Kon','walter.schuyler@example.org',728313909,'est','1993-08-27 05:07:50','2020-03-01 13:21:29'),(98,'Blanca','Kuhn','kmoen@example.org',609518806,'ab','2008-01-23 00:46:43','2020-03-01 13:21:29'),(99,'Chesley','Treutel','bartell.johann@example.org',862652331,'rem','2006-08-02 17:35:20','2020-03-01 13:21:29'),(100,'Magdalena','Frami','fadel.carson@example.net',484705268,'et','2007-02-23 15:15:55','2020-03-01 13:21:29');
/*!40000 ALTER TABLE `users` ENABLE KEYS */;
UNLOCK TABLES;
/*!40103 SET TIME_ZONE=@OLD_TIME_ZONE */;

/*!40101 SET SQL_MODE=@OLD_SQL_MODE */;
/*!40014 SET FOREIGN_KEY_CHECKS=@OLD_FOREIGN_KEY_CHECKS */;
/*!40014 SET UNIQUE_CHECKS=@OLD_UNIQUE_CHECKS */;
/*!40101 SET CHARACTER_SET_CLIENT=@OLD_CHARACTER_SET_CLIENT */;
/*!40101 SET CHARACTER_SET_RESULTS=@OLD_CHARACTER_SET_RESULTS */;
/*!40101 SET COLLATION_CONNECTION=@OLD_COLLATION_CONNECTION */;
/*!40111 SET SQL_NOTES=@OLD_SQL_NOTES */;

-- Dump completed on 2020-03-11 21:33:31
