-- MySQL dump 10.13  Distrib 8.0.18, for Win64 (x86_64)
--
-- Host: localhost    Database: vk
-- ------------------------------------------------------
-- Server version	8.0.18

/*!40101 SET @OLD_CHARACTER_SET_CLIENT=@@CHARACTER_SET_CLIENT */;
/*!40101 SET @OLD_CHARACTER_SET_RESULTS=@@CHARACTER_SET_RESULTS */;
/*!40101 SET @OLD_COLLATION_CONNECTION=@@COLLATION_CONNECTION */;
/*!50503 SET NAMES utf8mb4 */;
/*!40103 SET @OLD_TIME_ZONE=@@TIME_ZONE */;
/*!40103 SET TIME_ZONE='+00:00' */;
/*!40014 SET @OLD_UNIQUE_CHECKS=@@UNIQUE_CHECKS, UNIQUE_CHECKS=0 */;
/*!40014 SET @OLD_FOREIGN_KEY_CHECKS=@@FOREIGN_KEY_CHECKS, FOREIGN_KEY_CHECKS=0 */;
/*!40101 SET @OLD_SQL_MODE=@@SQL_MODE, SQL_MODE='NO_AUTO_VALUE_ON_ZERO' */;
/*!40111 SET @OLD_SQL_NOTES=@@SQL_NOTES, SQL_NOTES=0 */;

--
-- Table structure for table `communities`
--

DROP TABLE IF EXISTS `communities`;
/*!40101 SET @saved_cs_client     = @@character_set_client */;
/*!50503 SET character_set_client = utf8mb4 */;
CREATE TABLE `communities` (
  `id` int(10) unsigned NOT NULL AUTO_INCREMENT,
  `name` varchar(150) CHARACTER SET utf8 COLLATE utf8_unicode_ci NOT NULL,
  PRIMARY KEY (`id`),
  UNIQUE KEY `name` (`name`)
) ENGINE=InnoDB AUTO_INCREMENT=31 DEFAULT CHARSET=utf8 COLLATE=utf8_unicode_ci;
/*!40101 SET character_set_client = @saved_cs_client */;

--
-- Dumping data for table `communities`
--

LOCK TABLES `communities` WRITE;
/*!40000 ALTER TABLE `communities` DISABLE KEYS */;
INSERT INTO `communities` VALUES (9,'adipisci'),(7,'deserunt'),(2,'dolorem'),(5,'exercitationem'),(1,'fuga'),(4,'magni'),(10,'maxime'),(8,'nihil'),(6,'qui'),(3,'quia');
/*!40000 ALTER TABLE `communities` ENABLE KEYS */;
UNLOCK TABLES;

--
-- Table structure for table `communities_users`
--

DROP TABLE IF EXISTS `communities_users`;
/*!40101 SET @saved_cs_client     = @@character_set_client */;
/*!50503 SET character_set_client = utf8mb4 */;
CREATE TABLE `communities_users` (
  `community_id` int(10) unsigned NOT NULL,
  `user_id` int(10) unsigned NOT NULL
) ENGINE=InnoDB DEFAULT CHARSET=utf8 COLLATE=utf8_unicode_ci;
/*!40101 SET character_set_client = @saved_cs_client */;

--
-- Dumping data for table `communities_users`
--

LOCK TABLES `communities_users` WRITE;
/*!40000 ALTER TABLE `communities_users` DISABLE KEYS */;
INSERT INTO `communities_users` VALUES (10,16),(6,12),(9,12),(7,24),(9,83),(3,44),(8,71),(9,22),(10,95),(5,10),(2,64),(4,91),(5,63),(2,39),(3,6),(8,13),(1,45),(2,85),(7,92),(7,1),(6,32),(6,54),(10,75),(4,12),(1,35),(9,37),(2,80),(4,90),(4,6),(6,63),(9,97),(8,93),(9,76),(1,100),(10,71),(5,56),(6,67),(2,67),(1,33),(9,63),(1,18),(9,97),(1,31),(8,66),(7,33),(9,68),(4,42),(2,5),(7,100),(9,82),(4,11),(4,10),(4,15),(10,44),(7,77),(5,50),(3,21),(10,55),(1,10),(2,83),(8,88),(3,87),(2,72),(1,98),(7,72),(1,69),(3,26),(3,24),(6,41),(2,33),(9,41),(9,6),(7,7),(6,15),(10,53),(9,21),(8,45),(3,60),(7,64),(9,41),(1,11),(6,31),(10,24),(10,25),(1,51),(3,82),(10,56),(2,35),(1,7),(7,27),(2,16),(6,98),(6,40),(1,7),(5,15),(2,55),(4,27),(4,69),(8,66),(6,22);
/*!40000 ALTER TABLE `communities_users` ENABLE KEYS */;
UNLOCK TABLES;

--
-- Table structure for table `family_statuses`
--

DROP TABLE IF EXISTS `family_statuses`;
/*!40101 SET @saved_cs_client     = @@character_set_client */;
/*!50503 SET character_set_client = utf8mb4 */;
CREATE TABLE `family_statuses` (
  `id` int(10) unsigned NOT NULL AUTO_INCREMENT,
  `name` varchar(50) NOT NULL,
  PRIMARY KEY (`id`),
  UNIQUE KEY `name` (`name`)
) ENGINE=InnoDB AUTO_INCREMENT=3 DEFAULT CHARSET=utf8mb4 COLLATE=utf8mb4_0900_ai_ci;
/*!40101 SET character_set_client = @saved_cs_client */;

--
-- Dumping data for table `family_statuses`
--

LOCK TABLES `family_statuses` WRITE;
/*!40000 ALTER TABLE `family_statuses` DISABLE KEYS */;
INSERT INTO `family_statuses` VALUES (2,'Married'),(1,'Single');
/*!40000 ALTER TABLE `family_statuses` ENABLE KEYS */;
UNLOCK TABLES;

--
-- Table structure for table `friendship`
--

DROP TABLE IF EXISTS `friendship`;
/*!40101 SET @saved_cs_client     = @@character_set_client */;
/*!50503 SET character_set_client = utf8mb4 */;
CREATE TABLE `friendship` (
  `user_id` int(10) unsigned NOT NULL,
  `friend_id` int(10) unsigned NOT NULL,
  `status_id` int(10) unsigned NOT NULL,
  `requested_at` datetime DEFAULT CURRENT_TIMESTAMP,
  `confirmed_at` datetime DEFAULT NULL,
  PRIMARY KEY (`user_id`,`friend_id`)
) ENGINE=InnoDB DEFAULT CHARSET=utf8 COLLATE=utf8_unicode_ci;
/*!40101 SET character_set_client = @saved_cs_client */;

--
-- Dumping data for table `friendship`
--

LOCK TABLES `friendship` WRITE;
/*!40000 ALTER TABLE `friendship` DISABLE KEYS */;
INSERT INTO `friendship` VALUES (1,37,1,'1973-11-24 22:13:17','1973-11-24 22:13:17'),(2,95,2,'1990-10-22 17:22:22','2006-02-02 07:09:41'),(6,80,2,'1992-02-16 02:18:20','1998-03-10 13:19:36'),(12,42,1,'1985-04-05 07:56:47','1985-04-05 07:56:47'),(12,67,2,'1982-11-09 13:18:34','1982-11-09 13:18:34'),(13,76,3,'1985-11-08 10:57:57','1989-03-22 04:44:07'),(14,73,2,'2008-08-28 21:46:18','2008-08-28 21:46:18'),(15,1,1,'1985-08-03 02:27:25','1985-08-03 02:27:25'),(15,6,3,'2000-10-08 12:12:21','2000-10-08 12:12:21'),(17,20,3,'1990-08-15 01:41:39','1990-08-15 01:41:39'),(17,59,1,'1994-01-21 04:42:28','2017-09-12 10:46:37'),(18,6,1,'2011-06-20 21:57:19','2011-06-20 21:57:19'),(20,30,1,'1970-03-17 02:27:29','1975-12-22 17:27:47'),(20,56,1,'1975-06-28 06:28:46','1992-07-07 03:19:06'),(20,65,2,'1985-04-14 01:10:08','1985-04-14 01:10:08'),(21,76,2,'2006-12-03 03:45:15','2006-12-03 03:45:15'),(22,88,2,'1990-07-10 20:53:47','1997-09-19 09:58:12'),(25,9,3,'1988-06-01 22:39:47','2009-10-14 20:51:18'),(25,93,2,'1992-08-13 17:19:42','1992-08-13 17:19:42'),(28,11,2,'2013-07-05 23:27:07','2017-10-23 13:35:08'),(29,94,2,'1983-02-15 17:32:58','1983-02-15 17:32:58'),(39,66,3,'1982-05-09 12:41:44','1982-05-09 12:41:44'),(39,95,3,'1977-10-18 15:41:25','1977-10-18 15:41:25'),(41,9,2,'1971-06-03 18:33:58','1971-06-03 18:33:58'),(41,28,3,'1985-04-25 10:02:27','1995-01-08 12:40:29'),(41,51,2,'1982-11-09 11:17:27','2001-03-07 00:05:23'),(44,24,3,'2010-11-07 12:47:54','2010-11-07 12:47:54'),(45,11,1,'1978-08-08 14:26:03','1978-08-08 14:26:03'),(45,72,1,'1980-11-03 21:46:58','2007-06-09 02:18:38'),(48,79,2,'1990-05-16 12:06:09','1990-05-16 12:06:09'),(50,14,2,'1974-05-11 12:20:12','2004-10-23 07:23:07'),(54,100,3,'1971-10-27 03:18:10','1971-10-27 03:18:10'),(56,97,1,'1970-12-13 12:19:03','1972-01-06 01:45:25'),(58,16,1,'2007-08-26 06:41:20','2012-09-26 03:17:29'),(59,98,3,'1981-05-01 02:02:01','1981-05-01 02:02:01'),(60,5,2,'1993-11-30 05:25:13','2002-04-30 03:24:53'),(60,95,2,'1996-06-18 18:49:00','1996-06-18 18:49:00'),(61,42,2,'1984-05-26 05:52:53','2014-09-05 22:17:01'),(64,24,1,'1975-03-07 20:43:17','1990-07-17 11:37:54'),(64,43,2,'1974-01-01 13:00:42','1999-04-20 08:41:56'),(69,59,2,'1991-02-09 06:40:37','1991-02-09 06:40:37'),(70,22,3,'1979-08-29 10:41:04','1990-11-17 12:56:02'),(73,32,1,'1986-12-28 10:27:47','1986-12-28 10:27:47'),(74,5,2,'1976-10-11 17:36:50','2009-10-18 16:22:36'),(74,44,3,'1979-06-26 22:21:30','1979-06-26 22:21:30'),(75,56,2,'1988-01-01 14:57:19','1988-01-01 14:57:19'),(80,91,1,'2001-05-16 03:20:22','2007-04-05 21:32:59'),(81,21,3,'1974-12-28 12:53:25','2010-08-23 04:27:56'),(82,72,3,'1971-12-24 15:20:23','1974-03-02 01:11:20'),(83,66,1,'1987-02-16 01:18:54','1987-02-16 01:18:54'),(84,19,2,'2013-01-27 08:01:57','2018-07-14 21:13:32'),(84,99,2,'1981-06-29 03:33:12','1981-06-29 03:33:12'),(86,55,3,'1973-09-12 08:27:42','1980-03-01 13:46:40'),(87,49,1,'1974-12-28 00:01:21','1974-12-28 00:01:21'),(88,65,1,'1979-10-04 22:22:57','1979-10-04 22:22:57'),(89,57,1,'1993-02-21 13:58:49','2010-01-17 01:01:39'),(89,65,1,'1988-03-13 15:41:33','2001-11-09 09:58:01'),(91,84,1,'1975-02-02 05:37:02','1975-02-02 05:37:02'),(96,95,1,'1979-05-30 10:08:23','2012-04-25 08:27:20'),(98,57,3,'1983-10-20 09:41:37','1996-03-17 16:17:11'),(98,92,3,'1990-11-05 08:54:06','1990-11-05 08:54:06'),(99,91,2,'1994-04-28 22:53:00','2003-08-03 13:49:48');
/*!40000 ALTER TABLE `friendship` ENABLE KEYS */;
UNLOCK TABLES;

--
-- Table structure for table `friendship_statuses`
--

DROP TABLE IF EXISTS `friendship_statuses`;
/*!40101 SET @saved_cs_client     = @@character_set_client */;
/*!50503 SET character_set_client = utf8mb4 */;
CREATE TABLE `friendship_statuses` (
  `id` int(10) unsigned NOT NULL AUTO_INCREMENT,
  `name` varchar(150) CHARACTER SET utf8 COLLATE utf8_unicode_ci NOT NULL,
  PRIMARY KEY (`id`),
  UNIQUE KEY `name` (`name`)
) ENGINE=InnoDB AUTO_INCREMENT=4 DEFAULT CHARSET=utf8 COLLATE=utf8_unicode_ci;
/*!40101 SET character_set_client = @saved_cs_client */;

--
-- Dumping data for table `friendship_statuses`
--

LOCK TABLES `friendship_statuses` WRITE;
/*!40000 ALTER TABLE `friendship_statuses` DISABLE KEYS */;
INSERT INTO `friendship_statuses` VALUES (2,'Confirmed'),(3,'Rejected'),(1,'Requested');
/*!40000 ALTER TABLE `friendship_statuses` ENABLE KEYS */;
UNLOCK TABLES;

--
-- Table structure for table `media`
--

DROP TABLE IF EXISTS `media`;
/*!40101 SET @saved_cs_client     = @@character_set_client */;
/*!50503 SET character_set_client = utf8mb4 */;
CREATE TABLE `media` (
  `id` int(10) unsigned NOT NULL AUTO_INCREMENT,
  `media_type_id` int(10) unsigned NOT NULL,
  `user_id` int(10) unsigned NOT NULL,
  `filename` varchar(255) CHARACTER SET utf8 COLLATE utf8_unicode_ci NOT NULL,
  `size` int(11) NOT NULL,
  `metadata` json DEFAULT NULL,
  `created_at` datetime DEFAULT CURRENT_TIMESTAMP,
  `updated_at` datetime DEFAULT CURRENT_TIMESTAMP ON UPDATE CURRENT_TIMESTAMP,
  PRIMARY KEY (`id`)
) ENGINE=InnoDB AUTO_INCREMENT=51 DEFAULT CHARSET=utf8 COLLATE=utf8_unicode_ci;
/*!40101 SET character_set_client = @saved_cs_client */;

--
-- Dumping data for table `media`
--

LOCK TABLES `media` WRITE;
/*!40000 ALTER TABLE `media` DISABLE KEYS */;
INSERT INTO `media` VALUES (1,1,31,'http://dropbox/vk/file_3369',3369,'{\"owner\": \"Russ Klocko\"}','2014-04-01 22:02:21','2020-01-22 21:50:10'),(2,2,42,'http://dropbox/vk/file_473',473,'{\"owner\": \"Jarret Renner\"}','1971-09-17 11:49:22','2020-01-22 21:50:10'),(3,3,15,'http://dropbox/vk/file_1',1,'{\"owner\": \"Cornell Deckow\"}','2019-04-15 23:29:22','2020-01-22 21:50:10'),(4,1,52,'http://dropbox/vk/file_113262',113262,'{\"owner\": \"Maddison Runolfsdottir\"}','2014-11-14 13:50:17','2020-01-22 21:50:10'),(5,2,12,'http://dropbox/vk/file_7',7,'{\"owner\": \"Ben Ortiz\"}','2001-09-07 18:17:32','2020-01-22 21:50:10'),(6,3,5,'http://dropbox/vk/file_38521',38521,'{\"owner\": \"Theodora Streich\"}','2005-02-24 22:53:07','2020-01-22 21:50:10'),(7,1,89,'http://dropbox/vk/file_84546575',84546575,'{\"owner\": \"Salvatore Reichert\"}','1991-09-21 04:32:38','2020-01-22 21:50:10'),(8,2,27,'http://dropbox/vk/file_617728',617728,'{\"owner\": \"Hank Boyle\"}','2001-07-31 14:18:13','2020-01-22 21:50:10'),(9,3,71,'http://dropbox/vk/file_0',0,'{\"owner\": \"Candace Skiles\"}','2017-06-12 15:01:29','2020-01-22 21:50:10'),(10,1,71,'http://dropbox/vk/file_6',6,'{\"owner\": \"Candace Skiles\"}','1972-12-08 02:42:02','2020-01-22 21:50:10'),(11,2,42,'http://dropbox/vk/file_6865',6865,'{\"owner\": \"Jarret Renner\"}','1982-11-12 17:00:53','2020-01-22 21:50:10'),(12,3,95,'http://dropbox/vk/file_808626',808626,'{\"owner\": \"London Rowe\"}','2011-10-03 08:18:00','2020-01-22 21:50:10'),(13,1,51,'http://dropbox/vk/file_308403',308403,'{\"owner\": \"Catalina Cruickshank\"}','1990-05-07 17:16:35','2020-01-22 21:50:10'),(14,2,68,'http://dropbox/vk/file_0',0,'{\"owner\": \"Brenna Bins\"}','1981-09-17 06:21:16','2020-01-22 21:50:10'),(15,3,86,'http://dropbox/vk/file_8212',8212,'{\"owner\": \"Jacinthe Rosenbaum\"}','2000-10-05 00:04:30','2020-01-22 21:50:10'),(16,1,26,'http://dropbox/vk/file_83655',83655,'{\"owner\": \"Parker Harber\"}','2017-01-06 03:40:53','2020-01-22 21:50:10'),(17,2,71,'http://dropbox/vk/file_773359',773359,'{\"owner\": \"Candace Skiles\"}','1990-10-30 20:33:51','2020-01-22 21:50:10'),(18,3,78,'http://dropbox/vk/file_280',280,'{\"owner\": \"Bryce Thiel\"}','1976-02-20 03:13:22','2020-01-22 21:50:10'),(19,1,76,'http://dropbox/vk/file_855001319',855001319,'{\"owner\": \"Dejuan Bogisich\"}','1979-12-22 11:05:37','2020-01-22 21:50:10'),(20,2,47,'http://dropbox/vk/file_303197322',303197322,'{\"owner\": \"Lea Goldner\"}','2000-03-25 20:36:36','2020-01-22 21:50:10'),(21,3,7,'http://dropbox/vk/file_4',4,'{\"owner\": \"Melissa Bogisich\"}','2007-03-14 16:22:10','2020-01-22 21:50:10'),(22,1,90,'http://dropbox/vk/file_4821866',4821866,'{\"owner\": \"Danyka Smith\"}','1998-07-27 12:59:30','2020-01-22 21:50:10'),(23,2,32,'http://dropbox/vk/file_96',96,'{\"owner\": \"Erick Haag\"}','2002-01-27 14:40:41','2020-01-22 21:50:10'),(24,3,89,'http://dropbox/vk/file_87638',87638,'{\"owner\": \"Salvatore Reichert\"}','2009-01-30 21:48:56','2020-01-22 21:50:10'),(25,1,48,'http://dropbox/vk/file_6576',6576,'{\"owner\": \"Unique Price\"}','1991-02-01 22:33:12','2020-01-22 21:50:10'),(26,2,70,'http://dropbox/vk/file_94',94,'{\"owner\": \"Helga Herman\"}','1980-05-11 18:41:38','2020-01-22 21:50:10'),(27,3,9,'http://dropbox/vk/file_9206045',9206045,'{\"owner\": \"Tre Lubowitz\"}','1998-02-13 03:04:49','2020-01-22 21:50:10'),(28,1,31,'http://dropbox/vk/file_218',218,'{\"owner\": \"Russ Klocko\"}','2014-05-26 02:58:33','2020-01-22 21:50:10'),(29,2,31,'http://dropbox/vk/file_0',0,'{\"owner\": \"Russ Klocko\"}','1970-12-03 13:54:00','2020-01-22 21:50:10'),(30,3,60,'http://dropbox/vk/file_71674',71674,'{\"owner\": \"Kris Ortiz\"}','2000-01-09 02:11:12','2020-01-22 21:50:10'),(31,1,8,'http://dropbox/vk/file_541',541,'{\"owner\": \"Bennett Price\"}','2004-07-15 20:04:30','2020-01-22 21:50:10'),(32,2,57,'http://dropbox/vk/file_5835460',5835460,'{\"owner\": \"Glen Wilderman\"}','1976-10-01 18:43:46','2020-01-22 21:50:10'),(33,3,61,'http://dropbox/vk/file_445',445,'{\"owner\": \"Della Walter\"}','2008-09-05 11:42:40','2020-01-22 21:50:10'),(34,1,35,'http://dropbox/vk/file_512',512,'{\"owner\": \"Marcelo Fritsch\"}','2008-01-07 10:07:03','2020-01-22 21:50:10'),(35,2,93,'http://dropbox/vk/file_4169',4169,'{\"owner\": \"Rogers Marks\"}','1974-04-10 08:38:29','2020-01-22 21:50:10'),(36,3,57,'http://dropbox/vk/file_3544',3544,'{\"owner\": \"Glen Wilderman\"}','1974-06-04 01:06:40','2020-01-22 21:50:10'),(37,1,6,'http://dropbox/vk/file_96214',96214,'{\"owner\": \"Ambrose Collins\"}','1994-05-05 09:14:57','2020-01-22 21:50:10'),(38,2,59,'http://dropbox/vk/file_0',0,'{\"owner\": \"Everardo Mraz\"}','1994-02-15 08:48:53','2020-01-22 21:50:10'),(39,3,75,'http://dropbox/vk/file_0',0,'{\"owner\": \"Humberto Tromp\"}','2018-09-17 14:16:36','2020-01-22 21:50:10'),(40,1,100,'http://dropbox/vk/file_72',72,'{\"owner\": \"Bud Oberbrunner\"}','2002-09-09 05:34:52','2020-01-22 21:50:10'),(41,2,75,'http://dropbox/vk/file_5135',5135,'{\"owner\": \"Humberto Tromp\"}','2012-04-18 23:28:04','2020-01-22 21:50:10'),(42,3,75,'http://dropbox/vk/file_774338673',774338673,'{\"owner\": \"Humberto Tromp\"}','1974-11-01 11:05:56','2020-01-22 21:50:10'),(43,1,47,'http://dropbox/vk/file_63302099',63302099,'{\"owner\": \"Lea Goldner\"}','1970-02-08 12:13:47','2020-01-22 21:50:10'),(44,2,11,'http://dropbox/vk/file_603',603,'{\"owner\": \"Juston Quigley\"}','1989-05-02 12:04:57','2020-01-22 21:50:10'),(45,3,12,'http://dropbox/vk/file_0',0,'{\"owner\": \"Ben Ortiz\"}','1982-04-26 05:41:05','2020-01-22 21:50:10'),(46,1,26,'http://dropbox/vk/file_2',2,'{\"owner\": \"Parker Harber\"}','1983-10-06 00:08:27','2020-01-22 21:50:10'),(47,2,92,'http://dropbox/vk/file_665380',665380,'{\"owner\": \"Nico Ritchie\"}','1997-02-01 22:22:32','2020-01-22 21:50:10'),(48,3,84,'http://dropbox/vk/file_848852',848852,'{\"owner\": \"Camryn Tremblay\"}','2000-02-15 16:16:16','2020-01-22 21:50:10'),(49,1,44,'http://dropbox/vk/file_102',102,'{\"owner\": \"Rosalyn Heller\"}','2000-07-21 10:08:00','2020-01-22 21:50:10'),(50,2,66,'http://dropbox/vk/file_8',8,'{\"owner\": \"Marion Green\"}','1985-04-30 21:32:00','2020-01-22 21:50:10');
/*!40000 ALTER TABLE `media` ENABLE KEYS */;
UNLOCK TABLES;

--
-- Table structure for table `media_types`
--

DROP TABLE IF EXISTS `media_types`;
/*!40101 SET @saved_cs_client     = @@character_set_client */;
/*!50503 SET character_set_client = utf8mb4 */;
CREATE TABLE `media_types` (
  `id` int(10) unsigned NOT NULL AUTO_INCREMENT,
  `name` varchar(255) CHARACTER SET utf8 COLLATE utf8_unicode_ci NOT NULL,
  PRIMARY KEY (`id`)
) ENGINE=InnoDB AUTO_INCREMENT=4 DEFAULT CHARSET=utf8 COLLATE=utf8_unicode_ci;
/*!40101 SET character_set_client = @saved_cs_client */;

--
-- Dumping data for table `media_types`
--

LOCK TABLES `media_types` WRITE;
/*!40000 ALTER TABLE `media_types` DISABLE KEYS */;
INSERT INTO `media_types` VALUES (1,'Photo'),(2,'Audio'),(3,'Video');
/*!40000 ALTER TABLE `media_types` ENABLE KEYS */;
UNLOCK TABLES;

--
-- Table structure for table `messages`
--

DROP TABLE IF EXISTS `messages`;
/*!40101 SET @saved_cs_client     = @@character_set_client */;
/*!50503 SET character_set_client = utf8mb4 */;
CREATE TABLE `messages` (
  `id` int(10) unsigned NOT NULL AUTO_INCREMENT,
  `from_user_id` int(10) unsigned NOT NULL,
  `to_user_id` int(10) unsigned NOT NULL,
  `body` text CHARACTER SET utf8 COLLATE utf8_unicode_ci NOT NULL,
  `is_important` tinyint(1) DEFAULT NULL,
  `is_delivered` tinyint(1) DEFAULT NULL,
  `created_at` datetime DEFAULT CURRENT_TIMESTAMP,
  PRIMARY KEY (`id`)
) ENGINE=InnoDB AUTO_INCREMENT=101 DEFAULT CHARSET=utf8 COLLATE=utf8_unicode_ci;
/*!40101 SET character_set_client = @saved_cs_client */;

--
-- Dumping data for table `messages`
--

LOCK TABLES `messages` WRITE;
/*!40000 ALTER TABLE `messages` DISABLE KEYS */;
INSERT INTO `messages` VALUES (1,63,15,'Ab earum eaque culpa voluptatem. Et molestias est soluta accusantium molestias. Consequatur sit ut sint minus nemo fugiat harum magnam. Aspernatur dolorem libero dolorem autem non voluptas eligendi dolor.',0,1,'1990-03-24 16:21:09'),(2,83,71,'Ad quia pariatur est temporibus nulla voluptates. Consequatur et minus aut molestiae sed veniam totam. Aperiam voluptas sapiente tempora. Et eveniet dolores explicabo perferendis.',0,1,'1990-02-10 22:53:18'),(3,3,4,'Qui placeat explicabo in et odit temporibus sapiente. Aut et harum commodi modi quae et. Ipsa perspiciatis qui maiores.',1,1,'1976-01-24 09:07:17'),(4,8,28,'Quaerat vitae eveniet ducimus qui distinctio suscipit. Eligendi magnam culpa qui quidem totam eveniet adipisci. Ipsum architecto corrupti error est repellat nam. Laborum quibusdam officiis et debitis veniam.',0,0,'1986-05-08 01:32:40'),(5,17,98,'Ipsa qui excepturi rem minima facilis id. Natus assumenda fugit et ex assumenda. Quae totam est nihil dolorem nulla.',0,0,'1987-06-20 02:00:51'),(6,40,5,'Error aut tempora non et placeat est asperiores. Voluptate qui illum earum aut. Unde quo hic quia in.',0,1,'1997-05-06 14:06:26'),(7,7,17,'Commodi molestias perspiciatis aspernatur accusamus quidem eos. Ex culpa sed in quibusdam ratione. Ipsam magnam saepe ut dolor occaecati repudiandae qui.',1,1,'1994-10-18 18:47:13'),(8,63,64,'Doloribus impedit doloremque quas voluptatum qui maxime. Ab neque perferendis necessitatibus expedita natus quo nobis. Similique odio perferendis earum dolor repudiandae ducimus perferendis. Facilis est exercitationem in vel et rerum.',1,1,'1994-01-18 16:04:21'),(9,32,66,'Qui corrupti voluptatem officiis odit qui. Reprehenderit doloremque non cumque suscipit enim sed eum. Voluptatem dicta rem vel impedit delectus quia labore optio. Dicta cum ut omnis temporibus ut autem.',1,0,'1996-03-02 12:38:00'),(10,33,69,'Dolor minus culpa nobis aut. Porro ad suscipit adipisci sequi et veritatis nisi non. Omnis recusandae voluptatem porro modi dolorem quas itaque.',1,1,'1971-09-14 06:11:22'),(11,42,6,'In temporibus nihil quam quisquam. Saepe tenetur exercitationem harum sed aperiam sed corporis labore. Ut debitis dolorum minima sint sit.',0,1,'2016-02-07 12:53:10'),(12,2,91,'Dolores aut facere consequatur. Praesentium occaecati in iure reprehenderit voluptas perspiciatis. Libero ad sunt molestias consectetur aut recusandae. Ad sit doloremque hic dignissimos et magni qui ex. Quo dolor ullam distinctio omnis molestias.',0,1,'2009-03-08 03:48:52'),(13,48,69,'Eligendi quos molestiae blanditiis laborum. Soluta quae deserunt odio eum praesentium et doloremque. Et est est reprehenderit et incidunt ad id architecto. Inventore quo est et labore.',0,1,'2000-05-22 08:20:47'),(14,99,88,'Sed sequi deserunt est eum voluptas. Doloribus aspernatur mollitia ut.',0,1,'2013-01-06 00:18:54'),(15,41,39,'Nam est voluptatem tempora quos ut nemo. Et cupiditate quisquam quo hic libero exercitationem nihil. Autem necessitatibus quas dolorum recusandae. Voluptates quia voluptas unde quia. Maiores quasi soluta expedita maxime veniam explicabo.',1,1,'1974-04-09 10:02:42'),(16,75,55,'Qui velit illum aut dicta. Fuga facilis veritatis et dolores temporibus dolorum soluta. Sequi mollitia tempore consequatur provident commodi eius.',1,0,'1972-10-09 08:27:51'),(17,50,84,'Voluptatem quas illum eius sapiente consectetur dolorem praesentium voluptatem. Dolor aut soluta qui repellat. Vitae consectetur aut unde sit tenetur eum quis odit.',0,0,'2018-09-23 22:01:51'),(18,72,4,'Velit velit modi distinctio dolorem ab impedit consequatur tempora. Aut quasi reiciendis quo minus ad sed consequatur.',0,0,'1994-05-06 17:23:25'),(19,6,16,'Itaque possimus velit laborum aut et quas perspiciatis. Veritatis quaerat praesentium dolores aliquam magni. At sapiente incidunt perspiciatis consequatur. Dolorem et eum deleniti omnis similique suscipit non incidunt.',1,1,'2003-02-10 12:51:22'),(20,61,57,'Rem eveniet enim ut iste. Sunt officia dignissimos ea dolores officiis eius. Aut et quis quis at eveniet.',0,0,'2008-04-15 14:25:09'),(21,100,31,'Nihil odit sit doloremque aut accusamus impedit. Aut esse dolor ratione modi. Voluptas ad esse consequatur voluptas sequi doloribus aut natus.',0,0,'1979-08-17 23:58:47'),(22,53,74,'Voluptas explicabo cum et molestiae nostrum. Natus modi laudantium hic.',0,0,'2001-09-25 21:47:22'),(23,8,20,'Eligendi incidunt similique inventore est harum distinctio. Consectetur rerum libero illum et dolorem. Aut eum ea voluptates nostrum enim quis necessitatibus nam.',0,0,'1995-02-05 10:26:31'),(24,75,13,'Saepe iure eveniet laboriosam consequuntur. Iusto velit enim fuga. Voluptas itaque quis est quia pariatur eligendi.',0,1,'2005-11-28 05:58:27'),(25,40,62,'Sapiente quae ex iste est reiciendis. Nihil eaque debitis illo molestias. Consectetur dicta laudantium repellat qui. Ea quo officiis libero rerum aliquam harum.',1,1,'2005-02-22 12:55:46'),(26,86,47,'Dolores repellat suscipit aspernatur suscipit qui labore voluptate possimus. Ab est sed nobis alias minus perspiciatis rerum. Et tempore hic accusantium quo perferendis. At qui ut maiores quia facere.',1,0,'2000-04-17 11:34:34'),(27,77,41,'Perspiciatis fugiat vero voluptatem necessitatibus recusandae saepe est. Qui sequi aut aliquam voluptatem.',0,0,'1973-05-18 09:12:35'),(28,76,56,'Est consequatur et in omnis deserunt. Molestias nemo repellendus explicabo repudiandae. Ipsum amet unde accusamus neque ut ut quo. Alias repellendus inventore repellat eius illo sunt.',1,0,'1978-04-24 23:36:17'),(29,52,93,'Quidem sit ut laboriosam molestiae. Consectetur veniam sint itaque dolor qui accusantium perferendis. Earum beatae soluta molestiae velit quia eos omnis consequatur.',1,0,'1993-07-30 22:12:32'),(30,6,51,'Autem quaerat dignissimos qui eos temporibus molestiae. Autem voluptatem atque mollitia magni ex fugit est. Voluptates velit et tempora aut.',0,1,'1996-05-10 07:58:59'),(31,37,30,'Voluptas vel ut velit. Et incidunt aut reprehenderit dolore quia. Quam maiores quod unde exercitationem velit eligendi. Quam esse et sed quia ipsam officiis.',0,0,'2009-03-13 01:47:07'),(32,39,3,'Exercitationem voluptatum esse aliquid enim aut veritatis. Eum facere eos magni voluptatum. Itaque quis cumque ut rerum autem.',0,1,'1983-10-27 23:12:04'),(33,98,81,'Mollitia sit magnam et itaque omnis illo atque. Neque voluptatem ad quaerat voluptatem velit. Et numquam fugiat dicta reiciendis deserunt dolorum. Quia ut ad asperiores maiores omnis qui.',1,1,'1994-11-06 03:20:46'),(34,11,12,'Debitis sint et sint nihil odit assumenda. Harum dolores nemo aliquam iure. Dolorem neque dolores enim suscipit fugiat possimus eos.',1,1,'2008-10-05 07:28:32'),(35,27,98,'Ex quia autem mollitia commodi nulla aut modi. Cumque quia placeat qui quasi. Sunt nisi ipsum ut pariatur. Eos dolorem in cupiditate recusandae explicabo nisi.',1,1,'2006-06-17 09:43:55'),(36,10,56,'Inventore ut delectus nesciunt iste. Autem deserunt quos voluptas ut minus vel magnam. Natus architecto alias aperiam nemo.',1,1,'2012-03-26 21:00:31'),(37,49,76,'Nostrum ratione ex eum quia sed earum. Ipsam at temporibus dolorem rerum ab ut.',0,1,'2013-01-20 02:36:00'),(38,32,31,'Perspiciatis maiores ut enim et. Nemo soluta exercitationem blanditiis omnis ullam commodi. Exercitationem et dolores quas quam porro. Nostrum voluptas est minima et voluptatum id.',1,0,'1979-03-19 06:36:56'),(39,60,7,'Est a quidem nulla et harum ratione possimus qui. Non nulla alias quia unde aut vel esse. Est sed a error adipisci ipsa rerum deleniti fugit. Cumque recusandae mollitia aut explicabo explicabo deserunt.',1,0,'1988-01-11 21:36:09'),(40,54,50,'Ut non ratione expedita voluptas quibusdam molestiae. Dolor accusamus adipisci laboriosam corporis repudiandae nam ducimus. Fugit officia eligendi repellat deleniti quis omnis.',0,1,'2017-03-02 00:27:02'),(41,86,80,'Et suscipit rerum ducimus a sunt numquam error. Sed ut rerum possimus doloribus officiis. Voluptatem quidem repudiandae voluptatum. Porro nihil voluptatem doloremque quia ut.',1,1,'2001-12-17 09:52:53'),(42,41,67,'Magnam aliquid voluptas impedit et eveniet. Accusamus occaecati nihil similique porro nisi sapiente. In veniam voluptas ut et veritatis eum aut. Sed possimus ipsa atque dolor.',1,0,'1985-07-01 12:16:52'),(43,9,44,'Molestias ratione numquam sint aut voluptatem deleniti ut culpa. Quo optio porro ea voluptas est dolores eos. Rem eos veritatis vel porro earum magnam dolore.',0,0,'2004-02-28 10:11:26'),(44,94,37,'Vel ex nam explicabo eos rerum ut porro. Quasi accusantium rerum dolorem non velit autem ut. Totam velit laboriosam atque dolores amet voluptatem. Unde ratione inventore hic atque voluptates.',1,0,'1980-01-24 17:51:02'),(45,4,8,'Laudantium excepturi ducimus et maiores vitae alias. Perspiciatis adipisci aut dolore modi nisi reiciendis. Optio similique quis blanditiis. Eveniet architecto excepturi asperiores iusto.',1,0,'2002-10-28 21:48:59'),(46,26,6,'Molestiae et sequi temporibus quia maxime quas. Laboriosam autem cupiditate accusantium nulla quaerat consequatur dolorem tempore.',0,0,'1988-05-03 16:53:15'),(47,52,40,'Commodi ut quis facilis at qui. Ullam minus soluta dolores amet harum atque consectetur. Architecto quis incidunt fugiat cupiditate molestiae.',1,0,'1978-08-11 19:12:35'),(48,45,5,'Enim dolor eligendi rerum aut rem. Nulla velit inventore ratione provident. Modi atque modi autem nihil esse natus. Quas autem eum impedit velit quia eius cupiditate.',1,1,'1974-12-06 06:34:04'),(49,88,27,'Autem veritatis suscipit ipsum dolor et. Optio odio labore voluptatem atque ut dignissimos qui. Enim voluptas et cum voluptatem. Modi sed ratione omnis ut.',1,1,'1988-08-27 03:31:04'),(50,68,57,'Eligendi labore mollitia error autem et voluptas dignissimos. Vitae praesentium tempore qui dignissimos nisi quas nesciunt. Corporis architecto rem pariatur dolorem ipsam illo expedita.',1,1,'1991-03-28 18:57:01'),(51,84,47,'Enim molestiae ab ex dolor facere. Maxime sint consequatur excepturi qui corporis numquam laudantium. Id est corporis mollitia architecto. Id error sed dolorem rerum.',0,0,'1973-07-05 22:56:02'),(52,83,71,'Earum esse ullam occaecati et voluptate et. Hic voluptas libero necessitatibus maiores consectetur rerum optio aut. Commodi doloremque numquam velit voluptatem.',1,1,'1997-05-23 09:48:36'),(53,8,27,'Mollitia et blanditiis tempora dolores. Nulla quam hic eius illum voluptas. Aut accusantium impedit voluptatibus mollitia voluptas. Quia veniam occaecati iure reiciendis veritatis et.',0,0,'2012-06-09 01:19:15'),(54,10,68,'Molestias ducimus dicta sed aut quis autem harum. Optio vel illum tenetur ipsum. Consequatur iusto architecto ratione ipsam qui ut itaque. In praesentium et tempora cum ut magni.',0,1,'1977-06-26 17:17:41'),(55,8,35,'Asperiores occaecati nihil rerum corporis rem. Rerum illum non placeat. Reiciendis sunt est totam et ea. Neque optio voluptatem et vel.',1,0,'1975-07-23 02:57:49'),(56,53,60,'Ducimus voluptates est corrupti in quasi atque. Explicabo consequatur provident cupiditate id. Non voluptas nihil temporibus.',1,1,'2017-09-05 12:42:28'),(57,39,15,'Autem voluptatem consectetur quibusdam corrupti assumenda a. A esse esse dolorem. Optio repellendus et ut ab pariatur et.',0,0,'2007-11-03 05:28:55'),(58,58,42,'Enim et harum vero voluptatum rem voluptas. Unde quo perferendis rem ut alias rerum et temporibus. Ipsam facilis eos consequuntur omnis velit. Aut expedita culpa deserunt et quaerat placeat recusandae sit.',0,0,'1980-10-13 17:43:21'),(59,38,62,'Blanditiis beatae rerum dicta nobis sunt. Eius enim aut sed eaque quam id adipisci.',0,1,'1970-11-07 01:04:41'),(60,98,2,'Iure voluptate et harum ad impedit. Cumque amet maiores impedit. Voluptatem consequuntur doloremque similique. Aut rerum quia magni voluptas iure molestiae consequuntur vel.',1,1,'2018-12-31 22:48:41'),(61,17,78,'Consectetur voluptas libero qui voluptatibus possimus ut qui. Dolores velit voluptates debitis quia rem harum. Consequatur quibusdam totam dolore occaecati ipsam. Qui corporis quis facilis est consequatur reiciendis dignissimos.',1,0,'1974-10-16 23:01:42'),(62,40,65,'Aspernatur velit est repellat quia repellendus. Omnis eos ut ab maiores quod quae. Architecto assumenda dolorum facilis rerum.',1,1,'1971-10-20 18:59:07'),(63,4,23,'Animi rerum expedita minima. Delectus tempore et aliquam tenetur dicta. Enim mollitia adipisci eius aliquam aut nisi deserunt. Ut sapiente deleniti error qui numquam ut est est.',1,0,'2016-07-10 00:51:29'),(64,5,53,'Ut cum deserunt eum officiis adipisci. Architecto et voluptatem molestias ipsa fuga. Dicta eos eos quo blanditiis neque et.',0,0,'1977-09-14 15:36:25'),(65,50,92,'Facilis id sed illum ut labore est. Cum nihil tenetur necessitatibus non dolor. Quas id similique corrupti molestiae.',0,1,'1977-08-25 01:37:05'),(66,7,59,'Dolorem ut doloribus vitae ipsa. Sed dolore eos rerum voluptates id quis impedit odio. Error eius sit totam asperiores sed nemo. Iusto aperiam qui facilis cupiditate et ratione.',0,0,'1986-08-12 09:29:16'),(67,75,96,'Laudantium quo iusto sunt natus. Eligendi omnis repellendus quaerat et esse cupiditate quam. Vel qui eaque dignissimos. Accusantium sit quo dignissimos illum ipsa placeat ad magnam.',1,1,'2004-07-03 03:13:20'),(68,57,93,'In et eveniet minus est. Perferendis sed ullam iusto officia id doloribus doloremque. Quia itaque ut est sapiente a voluptas eos.',0,0,'2006-10-21 16:34:24'),(69,97,3,'Molestiae repudiandae repudiandae rerum soluta illo. Ut beatae cum aut deserunt voluptas dolores. Officiis impedit eos nesciunt et enim harum.',1,1,'1990-04-12 02:36:28'),(70,24,12,'Laudantium labore reiciendis porro ipsa qui. Cupiditate ipsa asperiores ad quod magnam vero distinctio. Sunt laudantium consectetur omnis beatae cumque nulla. Aliquid inventore minima ipsam nostrum impedit eveniet velit.',1,0,'1980-11-06 20:47:31'),(71,88,4,'Iure dolor iure dicta et molestiae. Est et ducimus rerum corrupti. Error explicabo at totam perferendis et eveniet.',0,0,'2003-05-10 12:04:34'),(72,53,54,'Delectus itaque deleniti ullam vitae. Iste est porro consectetur omnis aut fugiat. Ipsa ut vero ut. Consectetur corrupti molestiae et harum accusamus possimus.',0,1,'2009-12-16 19:34:45'),(73,7,76,'Eius ad optio impedit doloremque. Veniam sit qui nulla officia delectus. Omnis ratione ut et in blanditiis hic. Reprehenderit eum iure consequuntur consequuntur rerum.',0,0,'1974-01-06 04:05:37'),(74,57,58,'Temporibus dolores aut qui perferendis optio. Accusamus laudantium voluptas aspernatur iusto. Cupiditate animi aut accusamus. Dolor ut esse qui ut et.',1,0,'2002-08-03 05:53:46'),(75,20,22,'Nesciunt aut qui facere. Distinctio qui iste alias quos nostrum et pariatur. Est similique qui et velit officia. Odit qui magnam aut non nam.',1,0,'1982-06-24 13:12:31'),(76,52,91,'Non doloremque voluptatem sit ut eum. Voluptatum sint in consequatur voluptatem. Laborum omnis quia cupiditate error.',0,1,'1989-01-08 01:52:27'),(77,99,20,'Asperiores et quia eveniet quaerat quod. Quo qui sunt suscipit cumque.',0,1,'2003-09-08 03:57:40'),(78,3,56,'Autem eligendi amet commodi laudantium id beatae. At impedit quam dolores cupiditate quis autem iste aut. Accusantium ut totam aliquam similique accusamus. Aut qui aspernatur alias est.',0,1,'1994-04-05 12:44:07'),(79,71,86,'Ex asperiores quia omnis fugit. Nesciunt optio culpa esse omnis perferendis. Et illum eum saepe perspiciatis laborum.',1,0,'2006-08-03 21:10:35'),(80,16,20,'Et reiciendis earum nisi. Dolores repellat dignissimos nulla nesciunt maiores. Omnis a voluptatem qui nihil voluptates a.',0,1,'2016-08-22 18:26:55'),(81,51,97,'Accusantium quae qui qui iure tenetur quo molestiae quia. Quia alias quia deserunt aut.',1,1,'1979-03-10 00:41:42'),(82,30,60,'Fugiat rerum deleniti amet molestiae debitis quibusdam. Alias nobis atque dolor. Placeat ut eveniet et voluptas dolorem iure non. Ad dolore provident expedita commodi temporibus sit quibusdam.',0,1,'1985-05-07 13:15:02'),(83,10,71,'Aliquid cupiditate id sunt. Temporibus consequatur molestiae doloremque aut quaerat commodi optio. Sit eum ut necessitatibus accusantium praesentium porro consectetur. Aut ab odio omnis nihil omnis tenetur saepe. Ullam quo iusto voluptas enim minus.',1,0,'1993-01-29 07:52:58'),(84,22,95,'Adipisci autem culpa consequatur. Natus facilis fugit enim explicabo natus nobis sunt. Sed tempora voluptas nihil exercitationem accusamus omnis voluptatem.',1,0,'2016-06-12 15:48:59'),(85,11,70,'At placeat rerum voluptatibus quo odit. Accusantium maiores eligendi maiores cupiditate perspiciatis. Repellat id est aut quis quaerat. Animi quia ipsa excepturi aut.',1,0,'1981-12-14 01:33:36'),(86,15,64,'Quo quasi consequatur perferendis fuga sunt. Incidunt possimus omnis voluptatum ad voluptatem. Perspiciatis id necessitatibus qui eos eligendi. Nihil officia in commodi occaecati. Quibusdam animi dolor et.',1,1,'1983-01-28 03:41:55'),(87,77,89,'Nihil est ut ut et ea est dicta. Et et explicabo officia ut sit. Illo in ex et.',1,0,'2013-06-10 15:55:38'),(88,16,12,'Numquam culpa et et veritatis minima occaecati vero. Dolore rem repellendus non cumque debitis dolor. Rem et libero illo impedit corrupti praesentium. Qui sit et nobis necessitatibus ipsa.',1,0,'1986-02-16 05:05:33'),(89,13,27,'Autem eaque nobis magni temporibus. Officia asperiores sequi repudiandae qui enim commodi ad porro. Voluptatem quia quis quibusdam et.',0,1,'1970-11-11 12:42:17'),(90,95,96,'Nam et nulla consequatur illum eum tenetur velit. Voluptatem ad necessitatibus ut est commodi. Possimus sunt autem et voluptas. Aut repellat quia et et quis totam optio blanditiis.',0,0,'1970-08-15 14:32:39'),(91,91,70,'Dolorem ea debitis maxime sit placeat impedit. Non qui deserunt aliquid quas ea et. Quod et nulla occaecati laborum voluptas eius. Deserunt est molestias omnis sapiente sunt doloribus ducimus asperiores.',0,0,'2011-12-26 05:42:40'),(92,73,58,'Ut voluptas fuga assumenda iusto sed unde rerum molestiae. Enim sed dolore qui quia quo.',1,0,'2016-03-19 12:30:53'),(93,68,65,'Illum excepturi enim qui ut enim minus voluptatem. Maxime ex eos sunt aperiam doloribus id. At aut mollitia in molestiae corporis. Excepturi maxime sunt facilis ex provident non.',1,0,'1998-11-30 03:11:08'),(94,22,15,'Iusto aliquid reiciendis doloremque. Saepe magnam qui et enim est provident aut. Temporibus mollitia doloribus aliquid nihil porro. Ipsa sed cumque voluptatum non sequi.',0,1,'1976-03-09 21:16:52'),(95,7,92,'Quia voluptatem et reiciendis praesentium ut nisi. Quam quia ratione animi hic quae. Fugit cumque rem nam hic saepe.',0,1,'1975-06-18 13:35:36'),(96,36,5,'Labore sit quisquam voluptatem deleniti veniam voluptatem quidem. Et nostrum adipisci similique repudiandae. Dignissimos ut voluptates vel quo dolorem excepturi nisi laborum. Eligendi maxime dignissimos nulla aut. Eos non ut fuga.',1,1,'2004-07-30 23:29:14'),(97,15,62,'Praesentium error sunt perspiciatis impedit. Sequi rerum ipsum non mollitia. Ratione incidunt at voluptatem minima dolore.',0,0,'1977-08-17 08:24:49'),(98,62,25,'Deserunt et soluta temporibus architecto quia id. Libero sunt molestiae est quis assumenda nemo nam aspernatur. Eligendi placeat illum ab temporibus sunt labore. Et nihil consequatur a totam corporis qui.',0,0,'1976-05-17 09:14:53'),(99,37,10,'Necessitatibus rerum sunt et omnis iste fugit enim. Quo omnis facilis eum iste ab repudiandae qui. Fuga et expedita dolorem dicta. Amet quod voluptatibus voluptatibus veniam explicabo omnis aspernatur qui.',1,1,'1982-07-10 21:19:34'),(100,40,71,'Odio ut ad ipsam id iure. Veniam eaque ut aspernatur in perspiciatis aut. Qui quia occaecati quis ea debitis suscipit. Accusantium maxime accusantium et.',0,0,'1999-04-03 23:36:27');
/*!40000 ALTER TABLE `messages` ENABLE KEYS */;
UNLOCK TABLES;

--
-- Table structure for table `posts`
--

DROP TABLE IF EXISTS `posts`;
/*!40101 SET @saved_cs_client     = @@character_set_client */;
/*!50503 SET character_set_client = utf8mb4 */;
CREATE TABLE `posts` (
  `id` int(10) unsigned NOT NULL AUTO_INCREMENT,
  `author_id` int(10) unsigned NOT NULL,
  `body` text CHARACTER SET utf8 COLLATE utf8_unicode_ci NOT NULL,
  `media_id` int(10) unsigned NOT NULL,
  `created_at` datetime DEFAULT CURRENT_TIMESTAMP,
  `updated_at` datetime DEFAULT CURRENT_TIMESTAMP ON UPDATE CURRENT_TIMESTAMP,
  PRIMARY KEY (`id`)
) ENGINE=InnoDB AUTO_INCREMENT=101 DEFAULT CHARSET=utf8 COLLATE=utf8_unicode_ci;
/*!40101 SET character_set_client = @saved_cs_client */;

--
-- Dumping data for table `posts`
--

LOCK TABLES `posts` WRITE;
/*!40000 ALTER TABLE `posts` DISABLE KEYS */;
INSERT INTO `posts` VALUES (1,33,'Qui rem sit magnam nobis reprehenderit vero eaque. Quae omnis magnam sapiente recusandae. Quos deleniti et est quo nobis omnis. Adipisci fugiat sapiente facilis incidunt.',5,'1976-11-07 19:54:21','2020-01-22 22:48:50'),(2,55,'Voluptate dolore voluptatem ut. Architecto quisquam ut neque impedit et. Unde consectetur tempora itaque maxime. Adipisci facilis ducimus sequi quo corporis.',46,'2018-02-20 22:13:57','2020-01-22 22:48:50'),(3,76,'Ut quas et quam vel. Nobis deleniti sunt quo iste qui. Sapiente numquam qui alias et.',12,'1977-08-04 08:38:29','2020-01-22 22:48:50'),(4,16,'Et facere est deleniti aut qui. Odio quaerat adipisci totam harum in consequatur. Dolore tempore facilis quo. Eius est dolore totam autem.',26,'2004-12-06 05:25:14','2020-01-22 22:48:50'),(5,54,'Odit eos vitae suscipit quo autem minus. Vel eveniet neque qui et blanditiis. Debitis aliquam voluptates aliquid quia quo. Ipsum blanditiis unde odit sapiente laudantium voluptas ut dolore.',44,'1986-04-17 02:44:59','2020-01-22 22:48:50'),(6,20,'Ea doloremque non ab corrupti omnis expedita totam. Mollitia aliquam ratione consequatur culpa voluptatem quae dolorum. Et sunt consequatur at dolorem ut ut incidunt.',40,'2015-06-11 06:57:46','2020-01-22 22:48:50'),(7,40,'Unde consequuntur quaerat animi voluptatem. Qui qui aut aliquam. Velit quia sed aspernatur ipsa labore.',20,'1979-12-08 09:17:05','2020-01-22 22:48:50'),(8,39,'In tempore commodi ea est ut. Iure non eligendi sit harum aliquid vitae. Eaque aut aut ab ratione numquam fugiat aut. Sed inventore omnis dolorum fuga natus dicta.',33,'2010-03-06 05:22:08','2020-01-22 22:48:50'),(9,75,'Optio ut error eos perspiciatis quos et doloribus. Amet quia quia nihil ut odio. Autem est voluptatem ducimus quia quibusdam quia eos. Aut dolores illo animi nostrum illo.',2,'1996-03-10 13:54:53','2020-01-22 22:48:50'),(10,59,'Ullam tenetur et magnam sint veniam quia voluptatem. Adipisci ad ipsam odit id id et quisquam. Velit placeat accusamus quia et fuga dolor ut. Quia eos officia et minima rerum corrupti.',12,'1988-01-28 07:07:24','2020-01-22 22:48:50'),(11,70,'Aut vel placeat eum odit quasi ex. Omnis molestiae dolor doloribus architecto tempore. Voluptas sit id distinctio repellat. Qui aut rerum accusantium hic ullam.',3,'1971-03-03 03:36:36','2020-01-22 22:48:50'),(12,73,'Modi natus enim tenetur impedit autem. Qui est modi magni adipisci dolorem deleniti dolore. Maiores est provident quia nobis voluptatem rerum.',31,'1983-01-30 08:39:25','2020-01-22 22:48:50'),(13,55,'Delectus odit eum numquam neque animi iusto adipisci. Saepe rerum explicabo fuga labore suscipit et laudantium incidunt. Iusto iusto laboriosam quo soluta modi ad reiciendis ea. Consequatur illo qui asperiores voluptatem.',48,'1976-01-12 10:32:40','2020-01-22 22:48:50'),(14,59,'Sit iste ipsum debitis qui ad aperiam. Recusandae vel magnam tempore ullam ut veritatis eum. Quisquam vitae quisquam culpa dolores consequuntur quos quae. Veritatis odit temporibus omnis dolorem eos enim velit.',45,'1991-05-18 14:15:28','2020-01-22 22:48:50'),(15,29,'Ad corrupti quas totam maiores. Corporis provident facilis possimus consequatur ea. Enim sed rerum dignissimos deleniti maiores omnis.',33,'1999-10-25 12:08:37','2020-01-22 22:48:50'),(16,70,'Odio consequatur dolor inventore consequatur. Praesentium vitae et quia. Omnis sed exercitationem harum fugiat. Pariatur quia eum cum quibusdam dolorem atque.',28,'2009-09-07 14:57:19','2020-01-22 22:48:50'),(17,61,'Veniam sint dolores quis doloremque omnis reprehenderit. Neque recusandae iure et consectetur qui eum ut. Odit facere dolorem quia voluptas vel enim atque. Nesciunt provident exercitationem quod.',43,'1975-03-26 06:10:22','2020-01-22 22:48:50'),(18,97,'Debitis quo autem porro mollitia consectetur voluptatem. Voluptatem et fugiat praesentium consectetur rerum. Earum sunt porro pariatur.',33,'2005-11-05 20:27:41','2020-01-22 22:48:50'),(19,3,'Aut inventore voluptas adipisci impedit ex aut consequatur. Dicta voluptatem id sunt molestiae tempora.',35,'2019-09-16 02:40:57','2020-01-22 22:48:50'),(20,25,'Qui vel reiciendis nihil sit ab. Cumque delectus est voluptas qui autem esse consectetur. Voluptate et dignissimos voluptate deserunt. Qui ipsum nam reprehenderit voluptates.',28,'2010-01-13 20:46:22','2020-01-22 22:48:50'),(21,14,'Aut pariatur autem delectus ut ut illum atque incidunt. Quia qui deserunt repellendus atque eum. Quia quia voluptatibus nostrum consequatur et est. Occaecati accusantium unde eligendi rem ipsam.',35,'1986-12-21 23:38:25','2020-01-22 22:48:50'),(22,96,'Voluptatem voluptate eum ut sed. Ut in dolore iusto magni ut est. Debitis ullam impedit totam nam.',43,'1973-11-09 08:05:47','2020-01-22 22:48:50'),(23,38,'Sequi et excepturi sint quidem odit voluptatibus quia. Ea quas voluptatem est ut voluptatibus cum expedita corrupti. Expedita officia blanditiis illum quis.',8,'2009-01-24 23:51:42','2020-01-22 22:48:50'),(24,3,'Sunt qui et cumque delectus modi. Provident veniam nihil distinctio consequuntur eos autem. Voluptatum nihil voluptatem voluptatem odit consectetur.',14,'1972-10-25 13:58:07','2020-01-22 22:48:50'),(25,3,'Quam sed suscipit fugit sunt consequatur. Aliquid earum reprehenderit beatae totam. Suscipit ipsum nemo saepe quidem inventore. Tempore asperiores suscipit eum molestiae.',47,'1976-12-19 23:45:14','2020-01-22 22:48:50'),(26,7,'Ipsum ut voluptatum alias impedit at illo officia. Eos illum minima voluptatem quis. Quis quia deserunt et quibusdam. Quos magnam laborum expedita deserunt.',41,'1994-03-22 14:04:21','2020-01-22 22:48:50'),(27,24,'Sed et sit eum unde. Molestiae molestiae accusamus corrupti dolor soluta. Maxime voluptatem in provident quos.',17,'1989-09-17 14:42:35','2020-01-22 22:48:50'),(28,0,'Sint vero neque quia quam illo et. Quis odit asperiores ut deserunt quas expedita et.',12,'1990-01-04 15:52:39','2020-01-22 22:47:33'),(29,30,'Eum magni et repellat maiores distinctio. Cupiditate reprehenderit et magni esse. Nulla alias deleniti porro ut. Provident aut voluptatem inventore. Rerum ipsum neque esse et ut est quia.',10,'1977-02-04 21:13:15','2020-01-22 22:48:50'),(30,49,'Aut libero rem nisi omnis. Accusantium voluptates consequatur expedita dolorum qui. Et praesentium dolores omnis consequatur impedit. Odit officiis velit est tempora tempore et accusamus.',14,'1983-06-02 15:23:27','2020-01-22 22:48:50'),(31,55,'Odio excepturi qui beatae repellat excepturi. Magni eligendi accusantium libero ea.',40,'1987-03-15 06:55:15','2020-01-22 22:48:50'),(32,29,'Ut rerum fuga repellendus aut harum. Iure rerum blanditiis quae laborum provident numquam. Nobis molestiae at autem libero sequi rerum tempore. Modi tempore accusamus molestiae animi commodi ut voluptatem.',8,'1972-01-07 05:58:24','2020-01-22 22:48:50'),(33,79,'Expedita est molestiae molestiae neque. Aut fugiat aut sequi alias expedita. Ut unde dolores dolorum repudiandae dolor.',22,'2009-04-02 12:41:30','2020-01-22 22:48:50'),(34,11,'Aliquid cupiditate eos sed quisquam assumenda placeat. Excepturi veritatis aspernatur harum quo. Veritatis velit cumque sint eius et quo. Nulla necessitatibus et odio architecto aliquid. Neque voluptatum quia eius quia.',37,'1993-06-02 07:26:41','2020-01-22 22:48:50'),(35,19,'Deserunt odio quas dolorum dolor quibusdam ipsa quia. Earum reprehenderit sequi odit culpa dolor earum et. Consequatur vel nam voluptatem aut.',17,'1978-02-05 13:49:02','2020-01-22 22:48:50'),(36,61,'Corporis est adipisci est. Sit placeat assumenda assumenda cum dolorum sit dicta. Molestiae asperiores minima non et doloremque molestiae.',25,'1971-07-29 10:02:41','2020-01-22 22:48:50'),(37,51,'Modi omnis iusto accusamus minima assumenda impedit nam. Voluptatem asperiores porro corrupti ut. Error laborum praesentium vitae.',25,'2020-01-07 22:40:14','2020-01-22 22:48:50'),(38,69,'Qui qui culpa voluptatem quos. Iusto inventore ea nam quisquam voluptates nulla. Aliquam est iusto sequi dolorem.',48,'1988-01-14 10:36:00','2020-01-22 22:48:50'),(39,95,'Suscipit modi amet sint dicta aut hic. Et quia possimus rerum ex et dolores nostrum. Vero voluptas et facere eos vitae iste maiores.',19,'1976-03-27 21:15:38','2020-01-22 22:48:50'),(40,67,'Excepturi et animi eaque blanditiis. Amet veritatis excepturi quam itaque ut dicta asperiores. Minus placeat odio quia accusamus in.',0,'1989-02-21 21:27:45','2020-01-22 22:48:50'),(41,49,'Dignissimos ad sunt voluptatum occaecati animi sed tempora temporibus. Accusamus nam labore ea qui consectetur. Laborum fugiat sapiente velit amet nam error a. Impedit non sit sint beatae quos.',42,'1971-05-04 18:20:12','2020-01-22 22:48:50'),(42,46,'Consequatur consequatur itaque facilis. Dignissimos est ut iure ipsam corrupti optio.',10,'2018-10-01 11:59:21','2020-01-22 22:48:50'),(43,84,'Quasi ipsam impedit ducimus dolorem ea. Nam maxime quis rerum perspiciatis ut ut dolore.',26,'1978-10-20 22:50:45','2020-01-22 22:48:50'),(44,81,'Earum blanditiis consequatur qui placeat. Deleniti facere aperiam et.',0,'2011-08-22 08:04:24','2020-01-22 22:48:50'),(45,56,'Eos voluptatibus blanditiis ab. Veritatis odio qui quaerat tempore tenetur accusamus dolorem. Quo quas et sint cum quia consectetur.',25,'2017-12-02 02:27:00','2020-01-22 22:48:50'),(46,36,'Exercitationem quis sit molestias. Et consequatur impedit officia nulla. Laboriosam laborum laborum qui iusto sunt vel.',22,'1973-08-01 18:48:35','2020-01-22 22:48:50'),(47,12,'Aut sunt qui sint voluptate id. Ut sit enim earum illum voluptate doloremque. Possimus cupiditate qui maxime illum qui veritatis iste.',36,'2015-11-28 10:45:24','2020-01-22 22:48:50'),(48,53,'Veritatis debitis velit earum pariatur esse adipisci sed. Culpa vero vel atque nihil temporibus adipisci.',16,'2010-03-25 03:40:13','2020-01-22 22:48:50'),(49,28,'Possimus omnis ea et consectetur quia et. Ipsa doloribus voluptas et iste deserunt aut recusandae sed. Sit explicabo aut ullam.',20,'2020-01-16 11:40:27','2020-01-22 22:48:50'),(50,82,'Non reiciendis commodi est ab omnis. Aliquam eum consequuntur sit repudiandae. Quia qui ducimus sequi provident rem. Et porro et quia unde iste nobis. Autem necessitatibus nam illum cupiditate.',4,'1973-09-02 21:21:16','2020-01-22 22:48:50'),(51,26,'Mollitia in in quis impedit ad at unde excepturi. Voluptatibus qui consequuntur quasi et odit ut. Beatae architecto quas qui eos cum totam quas et.',9,'1996-01-22 14:03:26','2020-01-22 22:48:50'),(52,84,'Est voluptas aut laborum harum temporibus occaecati. Non pariatur esse dignissimos. Sed inventore cumque suscipit in et dolorem itaque quis.',33,'1990-12-13 23:16:41','2020-01-22 22:48:50'),(53,45,'Quia tempore sapiente praesentium et et ut ipsa. Autem illum aut aliquam consequuntur quia. Voluptas autem quia doloribus nisi eaque voluptatem natus.',38,'2017-05-11 04:31:02','2020-01-22 22:48:50'),(54,73,'Et sapiente soluta enim magni reiciendis. Voluptates illo deleniti et et non. Similique provident qui quaerat similique voluptate omnis. Odit in vel distinctio.',41,'1985-02-25 19:13:43','2020-01-22 22:48:50'),(55,28,'Dolor qui perferendis est quas architecto cumque et. Enim possimus voluptas inventore consequatur. Qui cupiditate nam fugiat quis quia. Voluptatum ut debitis ex dolorem dolorum.',43,'1984-07-13 19:43:23','2020-01-22 22:48:50'),(56,23,'Sit veniam voluptatibus dolore ut. Quod nam est doloribus labore vel molestias. Est itaque minima voluptas. Sit provident sequi illo deserunt debitis fuga dignissimos.',43,'1998-02-21 03:50:10','2020-01-22 22:48:50'),(57,32,'Quos voluptate animi est aut dolores sunt. Non labore impedit iure et. Dolorem consequuntur molestias at porro natus maxime pariatur.',35,'1991-06-06 16:19:58','2020-01-22 22:48:50'),(58,92,'Nisi distinctio qui et dolor ex corrupti et. Hic iusto ex vel sint voluptas enim.',47,'2016-02-07 17:03:39','2020-01-22 22:48:50'),(59,66,'Expedita ut et aut culpa quia qui est. Numquam voluptatem et nihil ut quaerat placeat cum. Asperiores est repellendus et in quibusdam libero ullam.',33,'1988-03-22 16:49:32','2020-01-22 22:48:50'),(60,53,'Et repudiandae maiores tenetur est non atque. Minus eligendi fugiat saepe officia.',21,'1991-12-13 20:01:05','2020-01-22 22:48:50'),(61,66,'Deserunt ea velit nam mollitia praesentium ad. Nihil aliquid necessitatibus nesciunt aperiam laboriosam. Eum totam ut amet vitae. Modi totam et et laborum.',8,'1989-02-06 23:38:39','2020-01-22 22:48:50'),(62,73,'Aliquid molestias laudantium tempora ipsa impedit vitae. Voluptates tempore dolorem odio autem. Iusto facere sunt dolore nam cumque et magni. Sapiente ut eius culpa reprehenderit et.',27,'1998-04-12 22:37:04','2020-01-22 22:48:50'),(63,68,'Recusandae nesciunt ut magni odit aspernatur voluptatum. Rerum mollitia in delectus. Facilis consequatur blanditiis aspernatur nihil architecto ipsum.',13,'1989-04-29 07:18:01','2020-01-22 22:48:50'),(64,20,'Molestias voluptatem quod quo accusamus modi accusantium blanditiis laudantium. Velit sint ducimus autem fuga autem. Ipsam autem harum a est deleniti saepe. Sed aperiam iure quasi.',33,'1973-02-13 12:47:50','2020-01-22 22:48:50'),(65,96,'Dolor quo rerum fugiat libero laboriosam. Nobis fugit libero saepe fuga. Nesciunt perspiciatis libero inventore quis consectetur. Non quia impedit temporibus debitis facere.',27,'2000-02-06 05:39:06','2020-01-22 22:48:50'),(66,22,'Et eveniet vel occaecati autem dolorem dolore. Quia cum nihil unde ipsa tenetur vel quos. Optio odio fugiat mollitia quis laboriosam eaque.',35,'1974-12-16 08:44:27','2020-01-22 22:48:50'),(67,23,'Numquam officiis reiciendis et beatae in. Sapiente earum molestiae quia in possimus reprehenderit provident. Laborum ut animi non voluptatum.',44,'1976-08-09 04:00:13','2020-01-22 22:48:50'),(68,50,'Dolor itaque nulla commodi qui praesentium earum. Eius quia similique dolor repellendus sit vel vel consequatur. Est minus ad consequuntur veniam ea quas tempora praesentium. Laudantium quis rem corrupti neque quae suscipit. Est voluptatem saepe odio neque suscipit hic.',17,'2015-08-31 17:14:26','2020-01-22 22:48:50'),(69,81,'Et consequuntur asperiores deleniti laboriosam sequi exercitationem. Maiores necessitatibus quae id illum. Quibusdam et qui atque beatae non sint.',2,'1991-03-01 22:44:55','2020-01-22 22:48:50'),(70,56,'Aliquam ut asperiores in reiciendis aliquam et. Accusamus est modi labore facere sit ut voluptatem. Aut et illum quos dolorem aut illum. Dolorum sed enim sequi autem expedita facere.',10,'1975-08-19 18:00:20','2020-01-22 22:48:50'),(71,36,'Deleniti rerum vero numquam occaecati cumque sunt. Quibusdam accusantium perferendis dignissimos est tenetur ut ex. Similique eveniet omnis aut.',46,'2011-02-12 00:02:22','2020-01-22 22:48:50'),(72,13,'Nobis non veritatis nisi amet laudantium impedit nisi. Temporibus facere libero labore. Iure vel eaque qui. Sit iure quis quod debitis.',0,'1992-11-15 23:08:43','2020-01-22 22:48:50'),(73,59,'Dolorum laudantium assumenda culpa atque est veritatis ipsum ducimus. Quaerat dolores sapiente est ducimus beatae. Facere recusandae ut ab magnam.',10,'2018-08-26 03:47:29','2020-01-22 22:48:50'),(74,57,'Et voluptas porro expedita sit pariatur. Omnis labore possimus commodi in. Perspiciatis sed aperiam doloribus voluptas et.',3,'2012-04-26 05:55:23','2020-01-22 22:48:50'),(75,7,'Sequi est dolor cupiditate aut. Quaerat autem corrupti ducimus rem aut. Qui commodi nihil corporis excepturi temporibus. Tempore dicta et omnis doloribus.',35,'1993-11-17 21:53:02','2020-01-22 22:48:50'),(76,65,'Debitis non voluptas incidunt enim eum non. Qui ea repudiandae hic ipsa.',18,'1994-07-17 09:02:20','2020-01-22 22:48:50'),(77,5,'Et magnam totam suscipit voluptas. Cupiditate optio molestiae eos quis distinctio.',35,'2011-10-24 21:40:36','2020-01-22 22:48:50'),(78,30,'Modi rerum provident aut excepturi eos nam sit voluptas. Doloremque non amet voluptatem esse aspernatur laudantium ullam magnam. Sit quia sit doloribus id praesentium. Quia praesentium necessitatibus quia non praesentium est et.',22,'1972-07-03 07:33:51','2020-01-22 22:48:50'),(79,37,'Et pariatur eum quis nihil ratione vitae non. Ut velit necessitatibus voluptas fugit blanditiis reiciendis. Nihil quidem ut iusto iusto a. Ut qui molestiae occaecati aut qui eius illum.',3,'1991-01-14 06:51:14','2020-01-22 22:48:50'),(80,95,'Qui ea est aut ipsum vel. Aut laboriosam suscipit nisi quam in eligendi sint facilis. Reprehenderit optio assumenda rerum.',3,'2014-10-27 16:17:24','2020-01-22 22:48:50'),(81,66,'Voluptatem aut inventore laboriosam. Culpa inventore sed ab. Quam nulla aut cum aliquid impedit minus. At consequatur et quod sit magnam qui.',3,'2010-01-28 00:41:11','2020-01-22 22:48:50'),(82,43,'Hic consequuntur sit magnam doloribus exercitationem quae et occaecati. Facere nulla doloremque vel beatae. Voluptate ipsum sint deleniti dolor fuga quisquam deleniti. Corporis et sed adipisci aut deserunt commodi aut.',8,'1989-09-30 05:23:14','2020-01-22 22:48:50'),(83,17,'Enim eos sit et blanditiis. Saepe magnam illum provident eos distinctio. Suscipit autem tempora itaque optio soluta iure.',29,'1971-01-08 15:38:34','2020-01-22 22:48:50'),(84,59,'Velit odit cupiditate fugit reiciendis enim consequuntur suscipit. Suscipit inventore est dolores facilis assumenda officia sit facere.',25,'2010-04-24 04:03:24','2020-01-22 22:48:50'),(85,43,'Voluptatem molestiae non voluptas et corporis deleniti. Itaque est non ea aspernatur iusto omnis. Hic corporis qui a nostrum ab rerum. Expedita labore non et ipsa.',36,'1977-06-24 19:24:01','2020-01-22 22:48:50'),(86,40,'A non facilis enim similique minima rerum. Labore adipisci aut molestias voluptas. Quia ipsa eaque cum dolorem commodi repellat rerum culpa.',4,'2001-09-01 12:27:00','2020-01-22 22:48:50'),(87,69,'Modi corrupti reiciendis soluta sed autem illo quisquam. Ab dolores expedita tempore rem. Voluptas sint quod doloribus quae. Consectetur autem quasi error maiores eos cumque dolores.',16,'1991-05-21 02:50:21','2020-01-22 22:48:50'),(88,27,'Id magni ut ipsum enim consequatur et. Aut qui ut illum voluptatem. Ut ab doloremque quo dolorum.',17,'1978-07-06 13:01:48','2020-01-22 22:48:50'),(89,29,'Corporis incidunt quibusdam sunt deleniti et. Aut laborum necessitatibus qui dicta dolore.',39,'2007-03-03 13:41:17','2020-01-22 22:48:50'),(90,64,'Quod est ex voluptas expedita. Quia aperiam ratione earum tenetur et. Laudantium non vitae id voluptatum unde voluptate.',43,'1997-11-04 12:18:34','2020-01-22 22:48:50'),(91,33,'Minus beatae eum velit in eos facilis. Quo quia qui nihil id voluptatem similique quasi vero. Nemo quaerat eos error incidunt voluptatem autem consequatur molestias. Reiciendis omnis aut quis laboriosam sunt assumenda.',49,'1977-07-29 03:11:20','2020-01-22 22:48:50'),(92,73,'Modi quaerat enim et quibusdam. Vitae et assumenda corrupti ad illo harum. Nemo autem fugit amet cumque cupiditate. Quam accusantium recusandae dolor quisquam consequatur. Corporis aut qui aut enim a accusamus.',16,'1994-01-06 01:24:56','2020-01-22 22:48:50'),(93,65,'Voluptas quia et veniam occaecati enim est. Incidunt est dolorem eveniet doloremque. Maxime omnis quas nemo doloremque.',33,'2019-09-27 18:21:59','2020-01-22 22:48:50'),(94,9,'Fuga ut veniam voluptatem. Animi dolorem sint enim ea deleniti id cumque. Aut quibusdam dolores ullam error.',20,'1991-10-28 17:35:07','2020-01-22 22:48:50'),(95,50,'Perferendis sint repellendus fugiat quos consequatur aspernatur. Temporibus sit cumque ut. Ut quae at harum provident nihil unde tempora id.',1,'1975-12-05 13:49:07','2020-01-22 22:48:50'),(96,25,'Sint mollitia repudiandae velit. Quaerat nam sapiente et. Veniam eos quae qui et illum tempore. Nemo delectus maiores voluptatem totam eligendi.',45,'2005-10-20 15:45:58','2020-01-22 22:48:50'),(97,72,'Minima non nam hic assumenda omnis. Eum ut iure et voluptas consectetur eligendi. Error et vero cumque debitis.',22,'1987-10-29 03:04:49','2020-01-22 22:48:50'),(98,89,'Est voluptas fuga eligendi et a. Accusantium quisquam corporis et ut. Vel ullam voluptas repellat consectetur modi. Omnis et vel dicta quis cupiditate quis et.',25,'1986-05-08 17:02:30','2020-01-22 22:48:50'),(99,28,'Vel officia sed aperiam sint unde. Culpa repudiandae et reprehenderit facilis sit qui. Sed consequatur dolores voluptates cum culpa deleniti. Omnis modi repellendus sint porro.',8,'1995-02-28 16:02:47','2020-01-22 22:48:50'),(100,75,'Nesciunt id quasi voluptatem at qui ut. Quasi error est facere commodi velit. Doloribus deleniti laboriosam officia sed nostrum rem.',18,'1992-06-09 01:41:43','2020-01-22 22:48:50');
/*!40000 ALTER TABLE `posts` ENABLE KEYS */;
UNLOCK TABLES;

--
-- Table structure for table `profiles`
--

DROP TABLE IF EXISTS `profiles`;
/*!40101 SET @saved_cs_client     = @@character_set_client */;
/*!50503 SET character_set_client = utf8mb4 */;
CREATE TABLE `profiles` (
  `user_id` int(10) unsigned NOT NULL,
  `birthdate` date DEFAULT NULL,
  `city` varchar(50) CHARACTER SET utf8 COLLATE utf8_unicode_ci DEFAULT NULL,
  `family_statuses_id` int(10) unsigned DEFAULT NULL,
  `country` varchar(50) CHARACTER SET utf8 COLLATE utf8_unicode_ci DEFAULT NULL,
  `photo_id` int(10) unsigned DEFAULT NULL,
  `created_at` datetime DEFAULT CURRENT_TIMESTAMP,
  `updated_at` datetime DEFAULT CURRENT_TIMESTAMP ON UPDATE CURRENT_TIMESTAMP,
  PRIMARY KEY (`user_id`),
  UNIQUE KEY `user_id` (`user_id`),
  UNIQUE KEY `user_id_2` (`user_id`)
) ENGINE=InnoDB DEFAULT CHARSET=utf8 COLLATE=utf8_unicode_ci;
/*!40101 SET character_set_client = @saved_cs_client */;

--
-- Dumping data for table `profiles`
--

LOCK TABLES `profiles` WRITE;
/*!40000 ALTER TABLE `profiles` DISABLE KEYS */;
INSERT INTO `profiles` VALUES (1,'2002-08-13','Fernandoville',1,'Cayman Islands',1,'2002-08-13 17:33:00','2020-01-22 20:34:52'),(2,'1981-04-27','Brooksborough',2,'Brazil',2,'2009-05-31 19:35:43','2020-01-22 20:22:57'),(3,'1976-12-01','Port Corneliusstad',1,'Isle of Man',3,'1976-12-01 05:17:57','2020-01-22 20:34:52'),(4,'1995-01-17','New Reedfort',1,'Albania',4,'2018-08-05 11:39:21','2020-01-22 20:22:57'),(5,'1970-06-25','Torpport',2,'Trinidad and Tobago',5,'1978-10-19 07:12:32','2020-01-22 20:22:57'),(6,'2011-04-09','Juliestad',2,'Mayotte',6,'2011-04-09 23:25:13','2020-01-22 20:34:52'),(7,'2013-10-01','West Alanaview',2,'Thailand',7,'2014-06-14 08:02:26','2020-01-22 20:22:57'),(8,'1974-01-16','New Rayburgh',1,'Saint Vincent and the Grenadines',8,'2018-01-11 23:00:18','2020-01-22 20:22:57'),(9,'2003-09-07','Port Theodore',2,'Argentina',9,'2003-09-07 10:25:01','2020-01-22 20:34:52'),(10,'2006-03-26','Bashirianstad',1,'Congo',10,'2013-07-13 18:25:53','2020-01-22 20:22:57'),(11,'1978-12-10','Montemouth',1,'Iraq',11,'1978-12-10 07:46:18','2020-01-22 20:34:52'),(12,'1971-06-04','West Isidrofort',2,'Chile',12,'1985-04-09 07:39:39','2020-01-22 20:22:57'),(13,'1975-06-21','Aubreeside',2,'Pakistan',13,'1975-06-21 10:22:15','2020-01-22 20:34:52'),(14,'1997-11-13','Koelpinmouth',1,'Slovenia',14,'2001-12-03 22:14:43','2020-01-22 20:22:57'),(15,'1975-06-07','West Kathlyn',2,'Rwanda',15,'1995-10-07 03:09:23','2020-01-22 20:22:57'),(16,'1995-09-07','Aubreyfort',1,'Pakistan',16,'1995-09-07 04:37:07','2020-01-22 20:34:52'),(17,'1974-09-12','Mattieborough',2,'Bahamas',17,'1974-09-12 07:29:44','2020-01-22 20:34:52'),(18,'1995-07-31','West Mariane',1,'Mexico',18,'1995-07-31 18:56:31','2020-01-22 20:34:52'),(19,'1981-04-28','Lake Meghanville',1,'Spain',19,'2003-12-27 19:37:38','2020-01-22 20:22:57'),(20,'1986-04-01','West Telly',1,'Georgia',20,'2003-04-16 21:39:29','2020-01-22 20:22:57'),(21,'1996-12-19','Muhammadfort',2,'Turkmenistan',21,'1996-12-19 09:32:49','2020-01-22 20:34:52'),(22,'1972-11-03','Port Giovanni',2,'Romania',22,'1972-11-03 23:21:15','2020-01-22 20:34:52'),(23,'1973-05-16','North Lourdesport',1,'Dominican Republic',23,'2012-06-04 13:00:05','2020-01-22 20:22:57'),(24,'1988-04-03','Newtonmouth',2,'Canada',24,'2018-01-25 03:03:24','2020-01-22 20:22:57'),(25,'1974-09-18','Kuhlmantown',1,'Nepal',25,'1993-07-15 12:38:05','2020-01-22 20:22:57'),(26,'1973-01-23','Port Oswaldfurt',2,'Spain',26,'2005-01-06 02:40:38','2020-01-22 20:22:57'),(27,'1982-08-03','North Sarah',2,'Morocco',27,'1982-08-03 10:34:09','2020-01-22 20:34:52'),(28,'1970-06-02','North Reid',2,'Saint Helena',28,'1970-06-02 19:21:14','2020-01-22 20:34:52'),(29,'1988-02-15','West Sheaview',1,'South Africa',29,'2003-03-16 01:38:40','2020-01-22 20:22:57'),(30,'1976-05-01','Lake Codyview',1,'Indonesia',30,'1976-05-01 05:46:34','2020-01-22 20:34:52'),(31,'2006-05-31','East Lyla',2,'Brunei Darussalam',31,'2007-09-12 13:43:03','2020-01-22 20:22:57'),(32,'1983-07-29','New Letitia',1,'Singapore',32,'1988-06-16 02:29:34','2020-01-22 20:22:57'),(33,'1976-09-18','West Buster',1,'Peru',33,'2009-08-19 01:31:08','2020-01-22 20:22:57'),(34,'1980-04-13','Port Jaida',1,'Hungary',34,'2009-02-28 20:20:43','2020-01-22 20:22:57'),(35,'1977-03-02','Tressietown',1,'Uruguay',35,'1977-03-02 12:44:20','2020-01-22 20:34:52'),(36,'1980-06-23','West Lauraborough',1,'El Salvador',36,'1980-06-23 15:12:42','2020-01-22 20:34:52'),(37,'1994-11-26','Lake Willie',1,'Greece',37,'2011-03-24 11:22:46','2020-01-22 20:22:57'),(38,'1972-03-22','Elodychester',2,'Guam',38,'1972-03-22 14:05:16','2020-01-22 20:34:52'),(39,'1987-09-08','Abshirefort',1,'Cayman Islands',39,'1996-05-15 04:29:12','2020-01-22 20:22:57'),(40,'1979-10-02','Port Callieville',1,'Brazil',40,'2019-03-16 11:24:36','2020-01-22 20:22:57'),(41,'1977-12-13','Bernitamouth',1,'Togo',41,'1977-12-13 04:07:58','2020-01-22 20:34:52'),(42,'1975-02-01','Gottliebview',1,'Papua New Guinea',42,'1976-02-09 10:16:59','2020-01-22 20:22:57'),(43,'1986-02-06','Dibbertstad',2,'Marshall Islands',43,'1992-08-02 23:04:57','2020-01-22 20:22:57'),(44,'1987-01-01','East Nelschester',1,'Tonga',44,'2018-04-01 03:43:13','2020-01-22 20:22:57'),(45,'2000-09-19','Adamschester',2,'Nauru',45,'2000-09-19 05:21:17','2020-01-22 20:34:52'),(46,'1992-08-31','East Tobinside',1,'Belarus',46,'2017-01-18 06:54:56','2020-01-22 20:22:57'),(47,'1985-08-05','North Antone',2,'Norfolk Island',47,'1985-08-05 09:09:25','2020-01-22 20:34:52'),(48,'1970-04-09','West Keshawnhaven',1,'Myanmar',48,'1984-09-06 12:26:30','2020-01-22 20:22:57'),(49,'1991-08-10','Lake Garfield',2,'Nauru',49,'1995-03-27 16:07:54','2020-01-22 20:22:57'),(50,'1970-09-27','West Archibald',2,'Algeria',50,'1970-09-27 06:34:39','2020-01-22 20:34:52'),(51,'1999-10-02','New Irwinmouth',1,'Aruba',1,'1999-10-02 17:51:45','2020-01-22 20:34:52'),(52,'1979-04-17','Markusfurt',1,'Turkmenistan',2,'2004-08-28 17:19:17','2020-01-22 20:22:57'),(53,'1979-10-29','Willstad',2,'Micronesia',3,'1979-10-29 05:10:45','2020-01-22 20:34:52'),(54,'1980-08-30','Port Madelynn',1,'Guatemala',4,'1980-08-30 00:33:47','2020-01-22 20:34:52'),(55,'2008-07-15','Moenbury',1,'Germany',5,'2008-07-15 06:29:08','2020-01-22 20:34:52'),(56,'1971-06-21','East Joanyfurt',1,'Nauru',6,'1971-06-21 19:22:31','2020-01-22 20:34:52'),(57,'1971-04-12','Port Domenicshire',2,'Afghanistan',7,'1971-04-12 00:56:09','2020-01-22 20:34:52'),(58,'1973-01-10','Bransonland',1,'Philippines',8,'1973-01-10 23:44:24','2020-01-22 20:34:52'),(59,'2002-11-15','North Murl',1,'Ireland',9,'2002-11-15 02:09:43','2020-01-22 20:34:52'),(60,'1976-03-21','Smithamfurt',1,'Panama',10,'1976-03-21 05:04:08','2020-01-22 20:34:52'),(61,'1993-03-27','Karsonshire',2,'Solomon Islands',11,'2011-09-11 12:19:42','2020-01-22 20:22:57'),(62,'1982-07-25','Alexton',2,'Bahrain',12,'2015-09-24 19:41:17','2020-01-22 20:22:57'),(63,'1985-04-15','Kozeytown',2,'Isle of Man',13,'1985-04-15 04:51:07','2020-01-22 20:34:52'),(64,'2009-09-18','Cartwrightstad',1,'Guatemala',14,'2013-06-27 02:33:15','2020-01-22 20:22:57'),(65,'1974-06-20','Kshlerinfort',1,'Botswana',15,'1974-06-20 12:59:26','2020-01-22 20:34:52'),(66,'2000-06-14','Auermouth',2,'Aruba',16,'2000-06-14 23:52:47','2020-01-22 20:34:52'),(67,'1981-09-30','East Gwen',2,'Ireland',17,'1981-09-30 19:41:01','2020-01-22 20:34:52'),(68,'1978-07-23','East Sabrynabury',2,'Kazakhstan',18,'2016-11-08 17:15:44','2020-01-22 20:22:57'),(69,'2000-07-23','Wardfort',2,'Guatemala',19,'2000-07-23 16:55:58','2020-01-22 20:34:52'),(70,'1992-09-28','West Nelle',1,'Holy See (Vatican City State)',20,'1992-09-28 00:27:43','2020-01-22 20:34:52'),(71,'1973-03-11','Arnoldfort',1,'Barbados',21,'1975-08-13 16:58:58','2020-01-22 20:22:57'),(72,'1984-01-24','Pattiestad',2,'Bouvet Island (Bouvetoya)',22,'1984-01-24 17:11:41','2020-01-22 20:34:52'),(73,'1973-07-30','Lake Andersonton',1,'Mauritania',23,'1980-04-12 12:29:01','2020-01-22 20:22:57'),(74,'2012-02-04','Greenfelderton',2,'Chad',24,'2015-03-20 11:00:55','2020-01-22 20:22:57'),(75,'1985-10-16','Luisaland',2,'Mexico',25,'2003-11-13 18:53:48','2020-01-22 20:22:57'),(76,'2003-07-14','New Mohammed',1,'Macedonia',26,'2003-07-14 11:47:05','2020-01-22 20:34:52'),(77,'2005-11-29','Mooreville',1,'Tanzania',27,'2015-01-19 06:16:38','2020-01-22 20:22:57'),(78,'1982-03-06','South Antwonfurt',1,'Andorra',28,'1990-03-05 08:17:58','2020-01-22 20:22:57'),(79,'1973-05-02','West Odell',1,'Lesotho',29,'1973-05-02 12:06:33','2020-01-22 20:34:52'),(80,'1986-09-19','West Mackville',1,'Zambia',30,'1986-09-19 18:07:28','2020-01-22 20:34:52'),(81,'1975-09-18','East Hadley',2,'Austria',31,'1975-09-18 06:09:30','2020-01-22 20:34:52'),(82,'1987-04-21','Dinafort',1,'Tonga',32,'1987-04-21 10:18:41','2020-01-22 20:34:52'),(83,'1975-06-13','East Caroleland',1,'Western Sahara',33,'1975-06-13 08:48:29','2020-01-22 20:34:52'),(84,'1978-08-19','North Gregorybury',1,'Sudan',34,'1978-08-19 05:32:54','2020-01-22 20:34:52'),(85,'1985-12-02','West Audra',1,'Portugal',35,'1985-12-02 14:15:41','2020-01-22 20:34:52'),(86,'1990-09-26','Lake Dimitrihaven',1,'New Zealand',36,'2014-09-07 19:51:34','2020-01-22 20:22:57'),(87,'1977-06-26','East Janet',2,'Equatorial Guinea',37,'1996-12-01 08:51:54','2020-01-22 20:22:57'),(88,'1993-02-25','North Aliza',2,'Poland',38,'2019-02-22 13:36:18','2020-01-22 20:22:57'),(89,'2013-02-25','South Wardmouth',1,'Serbia',39,'2014-03-17 13:04:23','2020-01-22 20:22:57'),(90,'1990-01-12','North Rory',2,'United Arab Emirates',40,'2010-01-04 23:28:34','2020-01-22 20:22:57'),(91,'1996-12-09','North Thorafurt',2,'Switzerland',41,'1998-12-05 23:00:08','2020-01-22 20:22:57'),(92,'1984-04-26','Schillerport',2,'Tajikistan',42,'1984-04-26 06:01:03','2020-01-22 20:34:52'),(93,'1993-07-04','Bodefort',2,'Canada',43,'1993-07-04 14:33:09','2020-01-22 20:34:52'),(94,'1977-07-11','New Malvinamouth',2,'Gambia',44,'1977-07-11 17:02:54','2020-01-22 20:34:52'),(95,'1985-08-07','North Tatumberg',1,'Niger',45,'1985-08-07 01:28:47','2020-01-22 20:34:52'),(96,'1977-04-20','Schadenton',2,'Guadeloupe',46,'1977-04-20 00:38:57','2020-01-22 20:34:52'),(97,'1982-05-25','Lake Justina',2,'Barbados',47,'2004-10-05 09:39:46','2020-01-22 20:22:57'),(98,'1980-03-19','New Ferneberg',1,'Thailand',48,'1980-03-19 23:28:32','2020-01-22 20:34:52'),(99,'1991-05-19','South Karinaborough',2,'Palestinian Territory',49,'2009-01-23 07:21:55','2020-01-22 20:22:57'),(100,'1992-07-10','Emilyton',1,'Samoa',50,'2005-01-29 00:17:39','2020-01-22 20:22:57');
/*!40000 ALTER TABLE `profiles` ENABLE KEYS */;
UNLOCK TABLES;

--
-- Table structure for table `users`
--

DROP TABLE IF EXISTS `users`;
/*!40101 SET @saved_cs_client     = @@character_set_client */;
/*!50503 SET character_set_client = utf8mb4 */;
CREATE TABLE `users` (
  `id` int(10) unsigned NOT NULL AUTO_INCREMENT,
  `first_name` varchar(100) CHARACTER SET utf8 COLLATE utf8_unicode_ci NOT NULL,
  `last_name` varchar(100) CHARACTER SET utf8 COLLATE utf8_unicode_ci NOT NULL,
  `email` varchar(120) CHARACTER SET utf8 COLLATE utf8_unicode_ci NOT NULL,
  `phone` varchar(15) CHARACTER SET utf8 COLLATE utf8_unicode_ci NOT NULL,
  `created_at` datetime DEFAULT CURRENT_TIMESTAMP,
  `updated_at` datetime DEFAULT CURRENT_TIMESTAMP ON UPDATE CURRENT_TIMESTAMP,
  PRIMARY KEY (`id`),
  UNIQUE KEY `email` (`email`),
  UNIQUE KEY `phone` (`phone`)
) ENGINE=InnoDB AUTO_INCREMENT=101 DEFAULT CHARSET=utf8 COLLATE=utf8_unicode_ci;
/*!40101 SET character_set_client = @saved_cs_client */;

--
-- Dumping data for table `users`
--

LOCK TABLES `users` WRITE;
/*!40000 ALTER TABLE `users` DISABLE KEYS */;
INSERT INTO `users` VALUES (1,'Elbert','Doyle','jaylen.howell@example.com','612-399-5974x63','2005-04-12 08:39:07','2010-10-08 02:14:32'),(2,'Ladarius','Bergstrom','hermann.jovani@example.com','1-201-701-7866','1980-05-16 15:59:34','1989-06-14 19:59:18'),(3,'Dulce','Mann','mills.burley@example.net','1-091-924-5819','1972-07-29 01:37:40','2003-05-04 20:04:23'),(4,'Evangeline','Schaefer','shanelle28@example.com','00810791394','1989-01-15 02:20:34','1989-01-15 02:20:34'),(5,'Theodora','Streich','matilde70@example.com','1-353-932-2570x','1971-07-23 13:03:21','1997-10-11 07:18:54'),(6,'Ambrose','Collins','alvina84@example.com','1-584-262-3488x','1976-05-08 06:39:20','1998-05-28 05:49:45'),(7,'Melissa','Bogisich','tatum24@example.org','524.047.9946','1983-06-08 07:29:33','2018-03-08 15:08:32'),(8,'Bennett','Price','amalia01@example.net','534-283-0693x62','2018-09-17 23:02:18','2018-09-17 23:02:18'),(9,'Tre','Lubowitz','nash.roob@example.com','1-150-028-1708x','1989-07-08 06:12:21','1994-10-18 16:34:01'),(10,'Jadyn','Sporer','kiehn.asha@example.net','(459)410-6790','1977-01-25 01:51:26','1977-01-25 01:51:26'),(11,'Juston','Quigley','myron.roob@example.com','148-949-6854x40','1995-06-28 20:43:48','1999-10-31 13:17:41'),(12,'Ben','Ortiz','luciano.morar@example.com','689.522.8267x40','1992-08-19 21:40:37','2012-11-11 22:12:12'),(13,'Madyson','Howe','eva.pacocha@example.com','865-820-0161x83','1993-12-24 02:58:41','1993-12-24 02:58:41'),(14,'Danny','Adams','kvandervort@example.org','089-966-6612','2005-01-28 03:04:01','2005-01-28 03:04:01'),(15,'Cornell','Deckow','wintheiser.candido@example.org','187.404.8242x62','1972-10-01 06:50:24','1973-11-20 21:12:42'),(16,'Roy','Lindgren','zboncak.lorine@example.com','1-541-268-8183x','1986-07-10 11:35:32','1986-07-10 11:35:32'),(17,'Ryder','Okuneva','deon.stamm@example.com','1-652-025-8585x','1989-05-11 21:56:56','2000-06-30 01:38:52'),(18,'Anissa','Larson','jo.schowalter@example.com','(923)653-6848','1985-11-03 13:16:23','1985-11-03 13:16:23'),(19,'Alford','Murphy','kuhic.chase@example.net','059.847.1270x48','2005-03-19 11:03:32','2010-12-29 06:07:54'),(20,'Kyler','Pfeffer','aliya.olson@example.net','469.743.4009x02','1988-07-05 06:22:34','1991-07-13 02:11:05'),(21,'Elton','Hudson','rath.tyshawn@example.org','044.744.4341x45','2016-02-22 02:48:47','2016-02-22 02:48:47'),(22,'Luella','Welch','aurelia66@example.net','06819323508','1995-09-18 07:42:04','1995-09-18 07:42:04'),(23,'Linnea','Kiehn','tklein@example.org','(422)713-9241x2','2009-07-28 05:24:34','2018-10-26 02:41:04'),(24,'Jennifer','Thiel','nathanael.sauer@example.com','831-887-7315','2002-01-15 20:09:38','2009-03-05 12:59:30'),(25,'Rafael','Kilback','botsford.jarret@example.org','903-467-7416x37','2001-03-16 19:38:41','2001-03-16 19:38:41'),(26,'Parker','Harber','xbarrows@example.org','03106429455','1990-01-30 12:51:58','1990-01-30 12:51:58'),(27,'Hank','Boyle','maximillia32@example.com','04904243715','2000-10-14 13:56:39','2000-10-14 13:56:39'),(28,'Friedrich','Bernier','micheal70@example.net','349-670-9181x63','1998-04-06 17:36:31','1998-04-06 17:36:31'),(29,'Vinnie','Lockman','stephon.grady@example.com','207-361-2645','1976-11-18 00:52:46','2013-03-13 12:41:14'),(30,'Irving','McGlynn','carli.johnson@example.net','023.193.6951','2006-02-20 13:06:32','2006-02-20 13:06:32'),(31,'Russ','Klocko','bednar.kellie@example.com','1-176-785-2628x','1987-03-09 22:45:04','2002-10-21 12:25:43'),(32,'Erick','Haag','keebler.harvey@example.org','427-455-6054','2006-09-19 11:51:30','2006-09-19 11:51:30'),(33,'Melba','Stokes','mlesch@example.com','(147)451-2777x2','1987-03-21 12:33:51','1987-03-21 12:33:51'),(34,'Alexys','Welch','candelario10@example.org','1-695-228-9610','1993-12-11 13:17:46','1993-12-11 13:17:46'),(35,'Marcelo','Fritsch','wwelch@example.net','(059)024-8171','1995-09-18 04:05:35','2014-10-12 05:12:48'),(36,'William','Mraz','nabshire@example.org','099.035.9517','1976-01-22 11:08:06','2001-12-17 21:04:12'),(37,'Charlie','Hand','elbert91@example.com','916.796.4642','1974-05-11 05:21:21','1984-11-11 23:45:21'),(38,'Norene','Fay','xhammes@example.org','273-147-6843','1994-09-11 08:25:02','2002-09-22 13:47:36'),(39,'Howell','Kertzmann','veum.silas@example.net','879-095-9376','2005-03-19 09:10:07','2017-02-18 03:36:44'),(40,'Jodie','Auer','amani.morissette@example.org','04405924753','1999-03-16 17:09:23','1999-03-16 17:09:23'),(41,'Estefania','Deckow','volson@example.org','(374)313-8895','1987-05-24 19:19:49','2016-10-02 17:10:58'),(42,'Jarret','Renner','ggerhold@example.net','555-399-7794','1985-01-16 11:37:29','1989-04-04 14:32:59'),(43,'Henriette','Bailey','ludie27@example.com','1-812-218-3301','2010-11-26 20:44:51','2011-03-24 05:09:11'),(44,'Rosalyn','Heller','connie.williamson@example.org','1-714-843-6986','2017-07-12 11:58:07','2017-07-12 11:58:07'),(45,'Dejon','Gislason','bpaucek@example.org','190.486.3470x50','1971-03-09 14:02:00','2019-10-08 06:25:04'),(46,'Friedrich','Koelpin','powlowski.geovany@example.net','+47(3)178973027','2018-01-01 23:52:38','2018-01-01 23:52:38'),(47,'Lea','Goldner','thelma.zulauf@example.net','(678)212-1672x9','1979-10-04 12:51:59','1998-09-22 08:31:02'),(48,'Unique','Price','ybecker@example.org','1-138-847-8051x','1995-09-20 09:41:51','2013-04-25 14:51:24'),(49,'Margaretta','Simonis','daphnee.tillman@example.net','058-290-1218','2013-09-14 18:09:03','2013-09-14 18:09:03'),(50,'Adaline','Hauck','uheaney@example.net','1-271-157-2847x','1983-08-11 10:26:41','2001-08-23 20:13:19'),(51,'Catalina','Cruickshank','becker.nelle@example.com','693.952.5476x90','1999-05-31 11:28:29','2004-03-09 15:17:19'),(52,'Maddison','Runolfsdottir','johnathan.greenfelder@example.org','+25(5)314623741','2007-05-12 20:44:01','2007-05-12 20:44:01'),(53,'Lois','Quigley','kendrick.mosciski@example.org','(139)038-8449x1','1988-07-15 23:22:26','2017-05-23 05:37:26'),(54,'Clifton','Dooley','jarvis.ziemann@example.com','+52(6)048006801','1999-08-12 20:50:07','2012-08-05 17:55:41'),(55,'Nellie','Veum','robel.eunice@example.com','1-823-333-8128','1970-08-19 06:14:25','1999-11-08 19:33:29'),(56,'Lucienne','DuBuque','ryley.koch@example.net','1-157-657-5614','1986-09-27 05:43:42','1990-05-01 13:46:06'),(57,'Glen','Wilderman','bernita80@example.net','(962)606-9576x8','1994-11-11 14:37:38','1994-11-11 14:37:38'),(58,'Demetris','Purdy','witting.coty@example.net','1-666-160-0061x','2007-10-07 15:09:29','2007-10-07 15:09:29'),(59,'Everardo','Mraz','ffeil@example.net','904-425-5853','1981-02-18 05:10:40','1991-09-19 22:12:36'),(60,'Kris','Ortiz','felipe33@example.org','(543)777-6419x3','1971-04-05 16:44:21','1991-05-21 03:52:04'),(61,'Della','Walter','richie.murphy@example.org','(603)273-0105x3','1977-02-03 13:35:31','1994-06-20 17:20:08'),(62,'Oswald','Mohr','layne36@example.com','(391)990-4810','1985-08-25 15:53:28','1985-08-25 15:53:28'),(63,'Curt','Eichmann','baby.mcdermott@example.net','(762)272-1534x2','1996-09-29 03:41:11','2001-04-13 08:47:46'),(64,'Natalie','Bednar','phowe@example.com','315-681-1033','2016-11-07 00:01:09','2016-11-07 00:01:09'),(65,'Guillermo','Schmitt','odell.hickle@example.com','806-862-2085x37','1988-09-07 04:41:14','2015-08-20 06:12:52'),(66,'Marion','Green','bernita.mcclure@example.com','206-800-0004','2018-05-12 09:01:25','2018-05-12 09:01:25'),(67,'Rosalinda','Bernhard','jwilkinson@example.org','812.007.0121x24','1971-01-05 15:40:49','1989-02-15 02:01:54'),(68,'Brenna','Bins','clesch@example.net','754.365.9194','1980-11-29 18:53:16','1980-11-29 18:53:16'),(69,'Joey','Littel','missouri.lowe@example.net','952-985-3711x34','2009-07-07 04:43:09','2009-07-07 04:43:09'),(70,'Helga','Herman','casper.dallas@example.org','653-890-9259','2005-02-20 09:49:51','2008-08-30 21:28:34'),(71,'Candace','Skiles','delbert.ankunding@example.com','915.924.0995x33','1991-05-03 13:54:50','1994-05-19 18:45:29'),(72,'Vinnie','Gleason','jaida42@example.net','200.390.2927','2002-02-03 19:27:37','2019-10-18 18:53:29'),(73,'Frank','Johnston','gleason.brooklyn@example.com','285.912.3896x30','1972-03-14 19:37:14','2008-02-09 02:56:11'),(74,'Tierra','Pouros','tbuckridge@example.net','647-553-5196x45','2009-07-04 09:14:00','2016-07-08 17:24:50'),(75,'Humberto','Tromp','jennifer98@example.com','398.089.5958','2000-10-09 00:30:53','2000-10-09 00:30:53'),(76,'Dejuan','Bogisich','vcarroll@example.org','435.874.7370x52','1984-05-30 09:44:17','2019-04-17 15:01:13'),(77,'Alisa','Mitchell','helene.maggio@example.net','09290322336','2014-07-13 01:36:19','2014-07-13 01:36:19'),(78,'Bryce','Thiel','antonette25@example.org','821-418-9285','2011-12-25 04:06:50','2011-12-25 04:06:50'),(79,'Christ','Pouros','terry54@example.net','1-663-523-1320x','2013-07-02 00:55:40','2013-07-02 00:55:40'),(80,'Haylee','Zulauf','xroberts@example.net','076-107-1241x42','1990-06-29 22:55:45','1993-05-23 09:21:40'),(81,'Adell','Boehm','pbradtke@example.net','1-061-510-3299x','1979-03-26 07:43:24','1996-11-01 13:15:59'),(82,'Kaci','Greenholt','keagan.cummings@example.org','682-045-0243','1991-08-08 22:47:36','1995-02-06 20:28:48'),(83,'Delfina','Balistreri','annie55@example.org','336-891-3240','1978-02-05 20:11:58','1978-02-05 20:11:58'),(84,'Camryn','Tremblay','vincenza.wisoky@example.net','1-859-571-8754','1992-05-04 10:24:02','1992-05-04 10:24:02'),(85,'Albin','Bechtelar','vaughn.brakus@example.org','395-235-1090x69','1971-05-12 03:07:21','1993-07-23 16:01:59'),(86,'Jacinthe','Rosenbaum','sgerlach@example.net','647-732-0398','2002-08-01 14:18:43','2002-08-01 14:18:43'),(87,'Ambrose','Kris','skyla91@example.com','1-091-056-5492','1982-04-20 23:36:44','1994-01-20 18:26:53'),(88,'Carley','Fisher','hosinski@example.net','222-129-8777','1992-01-05 14:40:01','1992-01-05 14:40:01'),(89,'Salvatore','Reichert','fay80@example.com','552-292-6335x33','2007-03-24 07:46:00','2007-03-24 07:46:00'),(90,'Danyka','Smith','tierra64@example.net','1-625-268-5131x','1996-09-19 05:36:03','2002-10-13 16:55:59'),(91,'Viviane','Corkery','blair.langosh@example.net','1-172-189-4600','1993-08-07 23:34:49','1995-12-10 06:55:04'),(92,'Nico','Ritchie','wilkinson.lane@example.net','1-601-267-9753x','2011-10-03 02:59:57','2011-10-03 02:59:57'),(93,'Rogers','Marks','metz.louvenia@example.net','+88(0)603467945','1981-03-22 05:58:39','1981-03-22 05:58:39'),(94,'Hailie','Rodriguez','bradford26@example.net','528-305-9562','2010-05-04 03:14:43','2015-12-05 22:52:34'),(95,'London','Rowe','kmraz@example.net','(043)065-3749','2013-08-21 23:36:19','2013-08-21 23:36:19'),(96,'Zola','Friesen','hegmann.itzel@example.org','099-432-2179x79','2005-08-13 19:12:26','2005-08-13 19:12:26'),(97,'Lucious','Kovacek','ebode@example.com','345-459-5301','1988-08-23 16:11:21','1988-08-23 16:11:21'),(98,'Patience','Kshlerin','houston.hartmann@example.com','+28(1)542267224','1989-12-19 14:07:03','2018-03-12 01:21:34'),(99,'Kiara','Blick','glover.lowell@example.org','732-421-7925','1995-02-19 10:31:39','1995-02-19 10:31:39'),(100,'Bud','Oberbrunner','crooks.dejah@example.org','316.362.5208x53','1989-03-11 01:13:32','2007-04-07 12:01:19');
/*!40000 ALTER TABLE `users` ENABLE KEYS */;
UNLOCK TABLES;
/*!40103 SET TIME_ZONE=@OLD_TIME_ZONE */;

/*!40101 SET SQL_MODE=@OLD_SQL_MODE */;
/*!40014 SET FOREIGN_KEY_CHECKS=@OLD_FOREIGN_KEY_CHECKS */;
/*!40014 SET UNIQUE_CHECKS=@OLD_UNIQUE_CHECKS */;
/*!40101 SET CHARACTER_SET_CLIENT=@OLD_CHARACTER_SET_CLIENT */;
/*!40101 SET CHARACTER_SET_RESULTS=@OLD_CHARACTER_SET_RESULTS */;
/*!40101 SET COLLATION_CONNECTION=@OLD_COLLATION_CONNECTION */;
/*!40111 SET SQL_NOTES=@OLD_SQL_NOTES */;

-- Dump completed on 2020-01-22 22:53:08
